,Is Highlight,Is Public Domain,Object ID,Culture,Artist Begin Date,Artist End Date,Object Begin Date,Object End Date,Medium,Geography Type,Country,Classification,American Decorative Arts,American Paintings and Sculpture
0,0,1,945,26,1607,1685,1660,1685,500,6,25,4,1,0
1,1,1,1997,25,1638,1706,1663,1680,499,1,22,4,1,0
2,0,1,1989,25,1638,1706,1670,1690,412,1,22,4,1,0
3,0,1,399,24,1605,1693,1667,1670,440,1,22,12,1,0
4,0,1,940,24,1631,1681,1640,1680,328,1,22,4,1,0
5,0,0,379,24,1645,1714,1680,1683,440,1,22,12,1,0
6,0,1,1536,24,1655,1722,1717,1720,440,1,22,12,1,0
7,0,1,783,24,1657,1729,1675,1700,440,1,22,12,1,0
8,0,1,803,24,1660,1722,1690,1710,440,1,22,12,1,0
9,0,1,1408,24,1669,1753,1718,1718,358,1,6,8,1,0
10,0,1,1340,24,1669,1753,1717,1720,440,1,22,12,1,0
11,0,1,1339,24,1669,1753,1717,1720,440,1,22,12,1,0
12,1,1,2059,24,1669,1753,1700,1710,440,1,22,12,1,0
13,0,1,2043,24,1672,1725,1675,1705,330,1,22,4,1,0
14,0,1,2019,24,1672,1725,1675,1700,502,1,22,4,1,0
15,0,1,1224,24,1674,1760,1702,1708,440,1,22,12,1,0
16,1,1,802,24,1674,1760,1700,1710,440,1,22,12,1,0
17,0,1,1223,24,1674,1760,1702,1708,440,1,22,12,1,0
18,0,0,416,24,1675,1751,1711,1711,440,1,22,12,1,0
19,0,1,1537,24,1684,1750,1715,1730,440,1,22,12,1,0
20,0,1,335,24,1688,1758,1719,1758,368,1,22,7,1,0
21,0,0,1361,24,1689,1789,1764,1766,440,1,4,12,1,0
22,0,1,1471,24,1689,1745,1727,1730,440,1,22,12,1,0
23,0,0,1359,24,1689,1789,1764,1766,440,1,4,12,1,0
24,0,0,1360,24,1689,1789,1764,1766,440,1,4,12,1,0
25,0,1,1358,24,1689,1789,1764,1766,440,1,4,12,1,0
26,0,1,351,24,1690,1754,1712,1754,368,1,22,7,1,0
27,0,1,1535,24,1692,1746,1740,1745,440,1,22,12,1,0
28,0,1,398,24,1693,1740,1720,1740,440,1,22,12,1,0
29,0,1,422,24,1694,1761,1716,1719,440,1,22,12,1,0
30,0,1,1475,24,1694,1761,1720,1740,440,1,22,10,1,0
31,0,1,421,24,1694,1761,1716,1719,440,1,22,12,1,0
32,0,1,1470,24,1694,1730,1720,1730,440,1,22,12,1,0
33,0,1,407,24,1694,1761,1711,1720,440,1,22,12,1,0
34,0,1,406,24,1702,1780,1727,1730,440,6,25,12,1,0
35,0,1,1472,24,1702,1753,1730,1740,440,1,22,12,1,0
36,0,1,1315,23,1702,1758,1735,1750,440,1,22,12,1,0
37,0,1,1316,23,1702,1758,1740,1750,440,1,22,12,1,0
38,0,1,1468,22,1702,1758,1740,1750,440,1,22,12,1,0
39,0,1,822,21,1703,1789,1757,1760,440,1,22,12,1,0
40,0,1,378,20,1703,1772,1730,1770,440,1,22,12,1,0
41,0,1,781,20,1703,1772,1747,1750,440,1,22,12,1,0
42,0,1,1481,20,1703,1772,1730,1737,440,1,22,12,1,0
43,0,1,1480,20,1703,1772,1730,1737,440,1,22,12,1,0
44,0,1,1479,20,1703,1772,1730,1737,440,1,22,12,1,0
45,0,1,203,19,1704,1743,1735,1743,452,1,22,4,1,0
46,0,1,1465,19,1705,1762,1740,1760,440,1,22,12,1,0
47,0,1,1486,19,1706,1780,1725,1750,440,1,22,12,1,0
48,0,1,2038,19,1707,1799,1735,1735,351,1,22,4,1,0
49,0,1,2074,19,1711,1784,1747,1750,151,1,22,6,1,0
50,0,1,424,18,1714,1791,1770,1790,440,1,22,12,1,0
51,0,1,423,17,1714,1791,1770,1790,440,1,22,12,1,0
52,0,1,941,17,1715,1790,1775,1883,122,1,9,7,1,0
53,0,1,1925,16,1715,1781,1756,1780,368,1,22,7,1,0
54,0,1,480,16,1717,1786,1776,1883,506,7,16,8,1,0
55,0,1,488,16,1717,1786,1776,1800,136,7,9,7,1,0
56,0,1,489,16,1717,1786,1778,1778,459,1,9,1,1,0
57,0,1,490,16,1717,1786,1777,1777,459,7,9,1,1,0
58,0,1,491,16,1717,1786,1776,1800,80,7,9,1,1,0
59,0,1,471,16,1717,1786,1776,1883,174,1,9,9,1,0
60,0,0,1112,16,1759,1819,1777,1777,103,1,4,1,1,0
61,0,1,1463,16,1719,1761,1750,1760,440,1,22,12,1,0
62,0,1,1469,16,1720,1796,1780,1796,440,1,22,12,1,0
63,0,1,1321,16,1723,1795,1755,1760,440,1,22,12,1,0
64,0,1,1322,16,1723,1795,1755,1760,440,1,22,12,1,0
65,0,1,220,16,1723,1750,1735,1750,295,1,22,4,1,0
66,0,1,549,16,1723,1795,1755,1760,440,1,22,12,1,0
67,1,1,364,16,1723,1795,1770,1776,440,1,22,12,1,0
68,0,1,429,16,1723,1795,1770,1790,440,1,22,12,1,0
69,0,1,806,16,1723,1795,1750,1770,440,1,22,12,1,0
70,0,1,430,16,1723,1795,1770,1790,440,1,22,12,1,0
71,0,1,1473,16,1723,1791,1750,1775,440,6,25,12,1,0
72,0,1,431,16,1723,1795,1770,1790,440,1,22,12,1,0
73,0,1,1430,16,1724,1785,1760,1790,189,1,22,4,1,0
74,0,1,1670,16,1724,1785,1760,1785,241,1,22,4,1,0
75,0,1,2020,16,1724,1785,1755,1785,288,1,22,4,1,0
76,0,1,942,16,1725,1802,1770,1800,363,1,9,8,1,0
77,0,1,501,16,1725,1786,1772,1775,493,7,17,11,0,1
78,0,1,477,16,1725,1792,1815,1815,376,1,4,7,1,0
79,0,1,544,16,1726,1773,1769,1769,88,1,22,4,1,0
80,0,1,1060,16,1727,1781,1747,1750,440,1,22,12,1,0
81,0,1,1355,16,1728,1809,1797,1800,436,1,4,7,1,0
82,0,0,1357,16,1728,1809,1797,1800,436,1,4,7,1,0
83,0,0,1356,16,1728,1809,1797,1800,436,1,4,7,1,0
84,0,0,1354,16,1728,1809,1797,1800,436,1,4,7,1,0
85,0,1,384,16,1729,1805,1770,1800,440,1,22,12,1,0
86,0,1,532,16,1730,1790,1784,1784,168,1,22,2,1,0
87,0,1,535,16,1730,1800,1786,1786,490,1,22,8,1,0
88,0,1,534,16,1730,1800,1782,1782,168,1,22,2,1,0
89,0,1,2022,16,1732,1809,1765,1765,275,1,22,4,1,0
90,0,1,1447,16,1732,1809,1783,1786,247,1,22,4,1,0
91,1,1,1047,16,1732,1809,1762,1765,220,1,22,4,1,0
92,0,1,347,16,1733,1813,1756,1785,368,1,22,7,1,0
93,0,1,1476,16,1733,1787,1750,1770,440,5,22,12,1,0
94,0,1,1222,16,1733,1778,1700,1800,440,1,18,12,1,0
95,0,1,1398,16,1734,1818,1783,1783,440,1,22,12,1,0
96,0,1,425,16,1734,1818,1795,1797,440,1,22,12,1,0
97,0,1,1399,16,1734,1818,1783,1783,440,1,22,12,1,0
98,0,1,426,16,1734,1818,1795,1797,440,1,22,12,1,0
99,0,1,427,16,1734,1818,1795,1797,440,1,22,12,1,0
100,0,1,116,16,1734,1818,1787,1790,54,1,22,7,1,0
101,0,1,428,16,1734,1818,1795,1797,440,1,22,12,1,0
102,0,1,117,16,1734,1818,1787,1790,54,1,22,7,1,0
103,0,0,118,16,1734,1818,1777,1780,9,1,22,7,1,0
104,0,1,119,16,1734,1818,1777,1780,9,1,22,7,1,0
105,0,1,1108,16,1735,1799,1776,1825,495,5,4,5,1,0
106,0,1,108,16,1736,1815,1792,1814,55,1,22,7,1,0
107,0,1,109,16,1736,1815,1792,1814,55,1,22,7,1,0
108,0,1,1791,16,1736,1836,1775,1800,297,7,22,4,1,0
109,0,1,1792,16,1736,1836,1780,1800,297,7,22,4,1,0
110,0,1,389,16,1737,1783,1765,1768,440,1,22,12,1,0
111,0,1,215,16,1740,1795,1794,1794,189,1,22,4,1,0
112,0,1,216,16,1740,1795,1765,1775,282,1,22,4,1,0
113,0,1,1663,16,1740,1795,1770,1775,278,1,22,4,1,0
114,0,1,2028,16,1736,1794,1770,1775,240,1,22,4,1,0
115,0,1,787,16,1744,1810,1785,1800,440,1,22,12,1,0
116,0,1,1662,16,1737,1792,1764,1774,255,1,22,4,1,0
117,0,1,402,16,1745,1811,1772,1778,440,1,22,12,1,0
118,0,1,494,16,1746,1821,1776,1883,376,1,9,1,1,0
119,0,1,479,16,1746,1821,1800,1883,63,1,9,7,1,0
120,0,1,492,16,1746,1821,1794,1797,376,1,9,1,1,0
121,0,1,341,16,1774,1864,1770,1870,368,1,22,7,1,0
122,0,1,1765,16,1746,1792,1770,1790,81,1,22,4,1,0
123,0,1,344,16,1749,1815,1803,1815,368,1,22,7,1,0
124,0,1,387,16,1749,1815,1770,1800,440,1,22,12,1,0
125,0,1,1664,16,1751,1815,1785,1795,192,1,22,4,1,0
126,0,1,343,16,1751,1809,1770,1800,368,1,22,7,1,0
127,0,1,342,16,1751,1809,1800,1809,368,1,22,7,1,0
128,0,1,403,16,1752,1812,1777,1783,440,1,22,12,1,0
129,0,1,298,16,1754,1825,1780,1783,151,1,9,6,1,0
130,0,1,1328,16,1755,1760,1762,1763,440,1,4,12,1,0
131,0,1,1327,16,1755,1760,1762,1763,440,1,4,12,1,0
132,0,1,1777,16,1757,1811,1794,1799,197,1,22,4,1,0
133,0,1,1778,16,1757,1811,1794,1799,189,1,22,4,1,0
134,0,1,230,16,1757,1811,1801,1801,208,1,22,4,1,0
135,1,1,1674,16,1757,1811,1794,1799,223,1,22,4,1,0
136,0,1,339,15,1757,1834,1794,1837,368,1,22,7,1,0
137,0,1,1153,15,1758,1820,1790,1810,449,1,22,12,1,0
138,0,0,1338,15,1759,1819,1775,1800,107,1,4,1,1,0
139,0,0,1113,15,1759,1819,1760,1883,178,1,4,1,1,0
140,0,0,481,15,1759,1819,1776,1800,492,7,4,11,0,1
141,0,0,1114,15,1759,1819,1760,1883,103,1,4,1,1,0
142,0,1,1467,15,1761,1789,1775,1785,440,1,22,12,1,0
143,0,1,419,15,1762,1796,1765,1775,440,1,22,12,1,0
144,0,1,420,15,1762,1796,1765,1775,440,1,22,12,1,0
145,0,1,388,15,1762,1796,1773,1796,440,1,22,12,1,0
146,0,0,1891,15,1763,1822,1795,1810,189,1,22,4,1,0
147,0,0,1884,15,1763,1822,1795,1810,189,1,22,4,1,0
148,0,0,1889,15,1763,1822,1795,1810,189,1,22,4,1,0
149,0,0,1885,15,1763,1822,1795,1810,189,1,22,4,1,0
150,0,0,1892,15,1763,1822,1795,1810,189,1,22,4,1,0
151,0,0,1893,15,1763,1822,1800,1805,189,1,22,4,1,0
152,0,0,1886,15,1763,1822,1795,1810,189,1,22,4,1,0
153,0,1,1757,15,1763,1822,1795,1810,194,1,22,4,1,0
154,0,0,1887,15,1763,1822,1795,1810,189,1,22,4,1,0
155,0,0,1888,15,1763,1822,1795,1810,189,1,22,4,1,0
156,0,1,1758,15,1763,1822,1795,1810,189,1,22,4,1,0
157,0,0,2055,15,1763,1823,1841,1847,381,1,11,1,1,0
158,0,0,1890,15,1763,1822,1795,1810,189,1,22,4,1,0
159,0,1,376,15,1764,1839,1797,1800,440,1,1,12,1,0
160,0,1,1440,14,1765,1858,1790,1804,270,1,22,4,1,0
161,0,0,533,13,1765,1815,1803,1803,168,1,22,2,1,0
162,0,1,38,13,1765,1795,1782,1785,106,1,4,1,1,0
163,0,1,37,13,1765,1795,1782,1785,106,1,4,1,1,0
164,0,1,405,13,1765,1865,1800,1825,440,1,22,12,1,0
165,0,1,1318,13,1766,1855,1800,1815,440,1,22,12,1,0
166,0,1,400,13,1766,1855,1800,1830,440,1,22,12,1,0
167,0,1,799,13,1766,1855,1811,1811,440,1,22,12,1,0
168,0,1,1317,13,1766,1855,1800,1815,440,1,22,12,1,0
169,0,1,1680,13,1770,1854,1822,1825,189,1,22,4,1,0
170,0,1,1894,13,1770,1854,1791,1818,210,1,22,4,1,0
171,0,1,1901,13,1770,1854,1791,1818,210,1,22,4,1,0
172,0,1,1896,13,1770,1854,1791,1818,210,1,22,4,1,0
173,0,0,1897,13,1770,1854,1791,1818,210,1,22,4,1,0
174,0,1,234,13,1770,1854,1832,1835,419,1,22,4,1,0
175,0,0,1898,13,1770,1854,1791,1818,210,1,22,4,1,0
176,0,1,1899,13,1770,1854,1791,1818,210,1,22,4,1,0
177,0,1,1900,13,1770,1854,1791,1818,210,1,22,4,1,0
178,0,1,1523,13,1770,1854,1800,1830,189,1,22,4,1,0
179,0,0,1902,13,1770,1854,1791,1818,210,1,22,4,1,0
180,0,0,1903,13,1770,1854,1791,1818,210,1,22,4,1,0
181,0,1,1438,13,1770,1826,1815,1820,248,1,22,4,1,0
182,0,1,218,13,1770,1826,1800,1810,196,1,22,4,1,0
183,0,1,1998,13,1770,1850,1800,1820,504,1,22,4,1,0
184,0,1,1451,13,1770,1854,1822,1825,426,1,22,4,1,0
185,0,1,1450,13,1770,1854,1822,1825,427,1,22,4,1,0
186,0,0,1895,13,1770,1854,1791,1818,210,1,22,4,1,0
187,0,1,267,13,1770,1854,1791,1818,403,1,22,4,1,0
188,0,0,355,13,1770,1854,1810,1820,289,1,22,4,1,0
189,0,0,269,13,1770,1854,1830,1835,216,1,22,4,1,0
190,0,1,1781,13,1770,1854,1800,1810,200,1,22,4,1,0
191,0,1,1782,12,1770,1854,1800,1810,200,1,22,4,1,0
192,0,1,1783,12,1770,1854,1805,1815,211,1,22,4,1,0
193,0,1,1784,12,1770,1854,1805,1815,198,1,22,4,1,0
194,0,1,1785,12,1770,1854,1812,1815,81,1,22,4,1,0
195,0,1,1786,12,1770,1854,1812,1815,81,1,22,4,1,0
196,0,0,1838,12,1770,1854,1837,1837,199,1,22,4,1,0
197,0,1,268,11,1770,1854,1810,1815,210,1,22,4,1,0
198,0,1,1840,11,1770,1854,1837,1837,199,1,22,4,1,0
199,0,0,1841,11,1770,1854,1837,1837,199,1,22,4,1,0
200,0,1,1839,11,1770,1854,1837,1837,199,1,22,4,1,0
201,0,1,1682,11,1770,1854,1805,1815,241,1,22,4,1,0
202,0,1,270,10,1770,1854,1830,1835,216,1,22,4,1,0
203,0,1,1679,10,1770,1854,1827,1830,421,1,22,4,1,0
204,0,1,1763,10,1771,1813,1817,1820,300,1,22,4,1,0
205,0,1,1689,10,1771,1848,1805,1810,206,1,22,4,1,0
206,0,1,1764,10,1771,1813,1817,1820,300,1,22,4,1,0
207,0,1,444,10,1771,1848,1810,1815,236,1,22,4,1,0
208,0,1,1671,9,1772,1855,1807,1810,4,1,22,4,1,0
209,0,1,404,9,1772,1861,1797,1800,440,1,22,12,1,0
210,0,1,223,9,1773,1873,1820,1823,309,1,22,4,1,0
211,0,1,2018,9,1773,1855,1800,1810,266,1,22,4,1,0
212,0,1,1437,9,1773,1855,1810,1820,286,1,22,4,1,0
213,0,1,397,9,1774,1864,1801,1856,368,1,22,7,1,0
214,0,1,322,9,1774,1816,1795,1816,368,1,22,7,1,0
215,0,1,1924,9,1774,1819,1816,1819,368,1,22,7,1,0
216,0,1,386,9,1774,1816,1795,1816,368,1,22,7,1,0
217,0,1,1923,9,1774,1819,1816,1819,368,1,22,7,1,0
218,0,1,1639,9,1775,1839,1805,1815,191,1,22,4,1,0
219,0,1,385,9,1776,1806,1789,1789,440,1,9,12,1,0
220,0,1,944,9,1777,1800,1775,1820,378,1,22,4,1,0
221,0,1,1330,9,1777,1833,1822,1825,440,1,22,12,1,0
222,0,1,1329,9,1777,1833,1822,1825,440,1,22,12,1,0
223,0,1,354,9,1777,1867,1810,1815,230,1,22,4,1,0
224,0,1,1444,9,1779,1819,1810,1819,17,1,22,4,1,0
225,0,1,233,9,1779,1819,1807,1813,189,1,22,4,1,0
226,0,1,1442,9,1779,1819,1805,1812,235,1,22,4,1,0
227,0,1,681,9,1779,1873,1803,1867,111,7,22,1,1,0
228,0,1,317,9,1783,1864,1815,1825,225,1,22,4,1,0
229,0,1,316,9,1783,1864,1822,1825,225,1,22,4,1,0
230,0,1,485,9,1783,1822,1776,1883,357,1,9,9,1,0
231,0,1,285,9,1784,1873,1810,1850,368,1,22,7,1,0
232,0,1,396,9,1784,1853,1807,1835,368,1,22,7,1,0
233,0,1,382,9,1784,1873,1822,1824,368,1,22,7,1,0
234,0,1,381,9,1784,1873,1810,1850,368,1,22,7,1,0
235,0,1,380,9,1784,1873,1810,1850,368,1,22,7,1,0
236,0,0,2,9,1785,1844,1901,1901,151,1,18,7,1,0
237,0,0,11,9,1785,1844,1907,1907,151,1,18,7,1,0
238,0,0,14,9,1785,1844,1907,1907,151,1,18,7,1,0
239,0,1,1766,9,1786,1815,1767,1790,81,1,22,4,1,0
240,0,1,1926,9,1786,1867,1810,1856,368,1,22,7,1,0
241,0,1,1927,8,1786,1867,1810,1856,368,1,22,7,1,0
242,0,1,337,8,1786,1852,1819,1850,368,1,22,7,1,0
243,0,1,1673,8,1787,1833,1792,1795,245,1,22,4,1,0
244,0,1,114,8,1758,1787,1787,1810,58,1,22,7,1,0
245,0,1,115,8,1758,1787,1787,1810,58,1,22,7,1,0
246,0,0,1453,8,1789,1856,1825,1830,263,1,22,4,1,0
247,0,1,1452,8,1789,1856,1825,1830,263,1,22,4,1,0
248,0,1,1530,8,1789,1856,1827,1830,227,1,22,4,1,0
249,0,1,1688,8,1771,1848,1795,1803,274,1,22,4,1,0
250,0,0,410,8,1792,1847,1829,1839,368,1,22,7,1,0
251,0,1,409,8,1792,1847,1829,1839,368,1,22,7,1,0
252,0,1,2057,8,1793,1843,1822,1825,440,1,22,12,1,0
253,0,1,838,8,1793,1865,1810,1865,525,1,22,8,1,0
254,0,0,1,8,1794,1869,1853,1853,151,1,18,7,1,0
255,0,0,12,8,1794,1869,1876,1876,151,1,18,7,1,0
256,0,1,122,8,1794,1818,1797,1800,54,1,22,7,1,0
257,0,1,123,8,1794,1818,1797,1800,54,1,22,7,1,0
258,0,1,478,8,1794,1866,1851,1851,494,1,9,1,1,0
259,0,1,970,8,1795,1880,1840,1857,440,1,22,12,1,0
260,0,1,1770,8,1795,1852,1825,1828,506,1,22,4,1,0
261,0,1,1769,8,1795,1852,1825,1828,506,1,22,4,1,0
262,0,1,506,8,1795,1895,1800,1900,440,1,22,12,1,0
263,0,1,1817,8,1797,1837,1815,1820,295,1,22,4,1,0
264,0,1,1816,8,1797,1837,1815,1820,295,1,22,4,1,0
265,1,1,1815,8,1797,1837,1815,1820,307,1,22,4,1,0
266,0,1,1439,8,1797,1837,1800,1810,306,1,22,4,1,0
267,0,1,1814,8,1797,1837,1815,1820,295,1,22,4,1,0
268,0,1,112,8,1797,1820,1807,1810,58,1,22,7,1,0
269,0,1,812,8,1797,1822,1817,1821,368,1,22,7,1,0
270,0,1,113,8,1797,1820,1807,1810,58,1,22,7,1,0
271,0,1,1767,8,1797,1837,1800,1810,253,1,22,4,1,0
272,0,1,1768,8,1797,1837,1800,1810,253,1,22,4,1,0
273,0,1,383,8,1798,1825,1822,1825,368,6,25,7,1,0
274,0,1,1691,8,1799,1899,1846,1849,78,1,22,4,1,0
275,0,1,2056,8,1799,1882,1824,1827,440,1,22,12,1,0
276,0,1,1789,8,1799,1804,1792,1795,198,1,22,4,1,0
277,0,1,1790,8,1799,1804,1792,1795,198,1,22,4,1,0
278,0,1,265,8,1801,1886,1838,1848,2,6,24,4,1,0
279,0,1,1837,8,1801,1886,1838,1848,1,6,24,4,1,0
280,0,1,1836,8,1801,1886,1838,1848,1,6,24,4,1,0
281,0,1,1835,8,1801,1886,1838,1848,1,6,24,4,1,0
282,0,1,1834,8,1801,1886,1838,1848,1,6,24,4,1,0
283,0,1,266,8,1801,1886,1838,1848,1,6,24,4,1,0
284,0,1,1666,8,1802,1815,1812,1815,5,5,22,4,1,0
285,0,1,110,8,1803,1828,1803,1828,54,1,22,7,1,0
286,0,1,111,8,1803,1828,1803,1828,54,1,22,7,1,0
287,0,1,336,8,1803,1872,1821,1846,368,1,22,7,1,0
288,0,1,1667,8,1803,1892,1845,1848,419,1,22,4,1,0
289,0,1,408,8,1806,1830,1814,1814,440,1,22,12,1,0
290,0,1,1500,8,1808,1882,1822,1825,34,1,22,5,1,0
291,0,1,1502,8,1808,1882,1810,1825,25,1,22,5,1,0
292,0,1,1501,8,1808,1882,1820,1830,24,1,22,5,1,0
293,0,1,1498,8,1808,1882,1810,1820,52,6,25,5,1,0
294,0,1,2049,8,1810,1885,1850,1870,440,1,22,12,1,0
295,0,0,1012,8,1793,2002,1847,1850,103,1,4,1,1,0
296,0,1,461,8,1813,1886,1862,1865,8,1,22,4,1,0
297,0,1,247,8,1813,1893,1868,1870,423,1,22,4,1,0
298,0,1,246,8,1813,1893,1868,1870,423,1,22,4,1,0
299,1,1,1084,8,1813,1886,1863,1866,431,1,22,4,1,0
300,0,0,1704,8,1813,1893,1868,1870,423,1,22,4,1,0
301,0,1,1703,8,1813,1893,1868,1870,423,1,22,4,1,0
302,0,1,1312,8,1815,1882,1837,1860,368,1,22,7,1,0
303,0,1,1311,8,1815,1882,1837,1860,368,1,22,7,1,0
304,0,1,1485,8,1816,1851,1820,1830,138,6,6,7,1,0
305,0,1,1406,8,1816,1851,1815,1835,76,6,6,7,1,0
306,0,1,1405,8,1816,1851,1820,1830,138,6,6,7,1,0
307,0,1,1149,8,1816,1851,1820,1830,138,6,6,7,1,0
308,0,0,1152,8,1816,1851,1820,1830,138,6,6,7,1,0
309,0,1,1403,8,1816,1851,1820,1830,138,6,6,7,1,0
310,0,1,1407,8,1816,1851,1820,1830,138,6,6,7,1,0
311,0,1,1404,8,1816,1851,1820,1830,138,6,6,7,1,0
312,0,0,1148,8,1816,1851,1820,1830,138,6,6,7,1,0
313,0,1,1484,8,1816,1851,1820,1830,138,6,6,7,1,0
314,0,1,2079,8,1816,1851,1820,1830,138,6,6,7,1,0
315,0,1,296,8,1816,1851,1820,1830,138,6,6,7,1,0
316,0,1,295,8,1816,1851,1820,1830,138,6,6,7,1,0
317,0,1,325,8,1816,1851,1820,1830,138,6,6,7,1,0
318,0,0,954,8,1816,1851,1820,1830,138,6,6,7,1,0
319,0,1,287,8,1816,1851,1820,1830,138,6,6,7,1,0
320,0,1,288,8,1816,1851,1820,1830,138,6,6,7,1,0
321,0,1,289,8,1816,1851,1820,1830,138,6,6,7,1,0
322,0,1,290,8,1816,1851,1820,1830,138,6,6,7,1,0
323,0,1,291,8,1816,1851,1820,1830,138,6,6,7,1,0
324,0,1,324,8,1816,1851,1820,1830,138,6,6,7,1,0
325,0,1,297,8,1816,1851,1820,1830,138,6,6,7,1,0
326,0,1,315,8,1816,1833,1813,1816,224,1,22,4,1,0
327,0,1,293,8,1816,1851,1820,1830,138,6,6,7,1,0
328,0,1,292,8,1816,1851,1820,1830,138,6,6,7,1,0
329,0,0,294,8,1816,1851,1820,1830,138,6,6,7,1,0
330,1,1,1524,8,1817,1890,1877,1877,381,1,22,1,1,0
331,0,1,1532,8,1817,1890,1873,1876,381,1,22,1,1,0
332,0,1,1531,8,1817,1890,1873,1876,381,1,22,1,1,0
333,0,1,810,8,1818,1888,1850,1870,389,1,22,5,1,0
334,0,1,1508,8,1818,1888,1830,1870,389,1,22,5,1,0
335,0,1,1230,8,1818,1878,1870,1875,389,1,22,5,1,0
336,0,1,1510,8,1818,1888,1883,1888,29,1,22,5,1,0
337,0,1,1509,8,1818,1888,1830,1870,389,1,22,5,1,0
338,0,1,807,8,1818,1888,1886,1888,29,1,22,5,1,0
339,0,1,512,8,1818,1887,1847,1847,359,1,4,8,1,0
340,0,1,40,8,1818,1888,1830,1870,389,1,22,5,1,0
341,0,1,808,8,1818,1888,1884,1893,29,1,22,5,1,0
342,0,0,809,8,1818,1888,1884,1893,29,1,22,5,1,0
343,0,1,960,8,1818,1878,1857,1860,49,1,22,5,1,0
344,0,1,786,8,1818,1888,1837,1840,389,6,25,5,1,0
345,0,1,953,7,1819,1852,1825,1852,443,7,22,12,1,0
346,0,1,394,7,1819,1855,1825,1850,440,1,22,12,1,0
347,0,1,801,6,1822,1841,1822,1825,440,1,22,12,1,0
348,0,1,1081,6,1824,1887,1857,1860,332,1,22,4,1,0
349,0,0,228,5,1824,1887,1857,1860,295,1,22,4,1,0
350,0,1,227,5,1824,1887,1857,1860,304,1,22,4,1,0
351,0,1,1773,5,1824,1887,1857,1860,295,1,22,4,1,0
352,0,1,1774,5,1824,1887,1860,1870,295,1,22,4,1,0
353,0,1,1877,5,1824,1887,1857,1860,308,1,22,4,1,0
354,0,1,1080,5,1824,1887,1857,1860,332,1,22,4,1,0
355,0,1,1876,5,1824,1887,1857,1860,308,1,22,4,1,0
356,0,1,1775,5,1824,1887,1865,1870,302,1,22,4,1,0
357,0,1,1875,5,1824,1887,1857,1860,308,1,22,4,1,0
358,0,1,1874,5,1824,1887,1857,1860,308,1,22,4,1,0
359,0,1,1872,5,1824,1887,1857,1860,308,1,22,4,1,0
360,0,1,1776,5,1824,1887,1860,1870,302,1,22,4,1,0
361,0,1,1082,5,1824,1887,1857,1860,332,1,22,4,1,0
362,0,1,1873,5,1824,1887,1857,1860,308,1,22,4,1,0
363,0,1,628,5,1825,1888,1825,1840,53,1,22,5,1,0
364,0,1,784,5,1825,1888,1880,1888,31,5,22,5,1,0
365,0,1,363,5,1825,1888,1880,1888,21,1,22,5,1,0
366,1,1,1503,5,1825,1888,1827,1835,389,1,22,5,1,0
367,0,1,505,5,1825,1888,1864,1867,29,1,22,5,1,0
368,0,1,519,5,1825,1888,1820,1840,183,1,22,5,1,0
369,0,1,757,5,1825,1888,1835,1855,389,1,22,5,1,0
370,0,0,785,5,1825,1888,1880,1888,23,1,22,5,1,0
371,0,1,1304,5,1825,1888,1840,1850,398,1,22,5,1,0
372,0,1,1305,5,1825,1888,1824,1835,181,1,22,5,1,0
373,0,1,1306,5,1825,1888,1824,1835,181,1,22,5,1,0
374,0,1,1307,5,1825,1888,1845,1865,392,7,22,5,1,0
375,0,1,1308,5,1825,1888,1845,1865,392,7,22,5,1,0
376,0,1,1303,5,1825,1888,1840,1850,398,1,22,5,1,0
377,0,1,1220,5,1825,1888,1837,1840,389,1,22,5,1,0
378,0,1,318,5,1825,1888,1833,1850,30,1,22,5,1,0
379,0,1,1219,5,1825,1888,1835,1840,385,1,22,5,1,0
380,0,1,1050,5,1826,1863,1837,1840,440,1,22,12,1,0
381,0,1,1466,5,1826,1863,1835,1845,440,1,22,12,1,0
382,1,1,1083,5,1826,1910,1874,1880,481,1,22,4,1,0
383,0,1,1441,5,1827,1892,1845,1845,428,1,22,4,1,0
384,0,1,415,5,1827,1840,1827,1840,440,1,23,12,1,0
385,0,1,955,5,1828,1891,1869,1869,162,1,6,2,0,1
386,0,1,1310,5,1828,1915,1849,1860,29,1,22,5,1,0
387,0,1,1309,5,1828,1915,1849,1860,29,1,22,5,1,0
388,0,1,1821,5,1829,1835,1859,1859,419,1,22,4,1,0
389,0,1,1700,4,1829,1835,1859,1859,419,1,22,4,1,0
390,0,1,395,4,1829,1840,1832,1840,440,1,22,12,1,0
391,0,1,248,4,1829,1835,1859,1859,419,1,22,4,1,0
392,0,1,1820,4,1829,1835,1859,1859,419,1,22,4,1,0
393,0,1,249,3,1829,1835,1859,1859,419,1,22,4,1,0
394,0,1,1528,2,1829,1835,1822,1825,83,1,22,4,1,0
395,0,1,1819,2,1829,1835,1859,1859,419,1,22,4,1,0
396,0,1,1818,2,1829,1835,1859,1859,419,1,22,4,1,0
397,0,1,214,2,1830,1898,1852,1858,474,7,22,4,1,0
398,0,1,813,2,1830,1833,1830,1835,181,1,22,5,1,0
399,0,1,377,2,1837,1862,1830,1846,440,1,22,12,1,0
400,0,0,839,2,1831,1891,1899,1899,442,1,22,12,1,0
401,0,0,1142,2,1831,1891,1901,1901,440,1,22,12,1,0
402,0,1,401,2,1831,1845,1831,1845,440,5,22,12,1,0
403,0,0,1143,1,1831,1891,1901,1901,440,1,22,12,1,0
404,0,1,685,1,1828,1868,1835,1865,30,1,22,5,1,0
405,0,1,1985,1,1831,1891,1861,1867,440,1,22,12,1,0
406,0,0,1051,1,1831,1891,1912,1912,440,1,22,12,1,0
407,0,1,1325,1,1832,1860,1832,1860,368,1,22,7,1,0
408,0,1,1326,1,1832,1860,1832,1860,368,1,22,7,1,0
409,0,1,231,1,1833,1859,1847,1850,189,1,22,4,1,0
410,1,1,1029,1,1837,1897,1875,1876,440,1,22,12,1,0
411,0,1,1771,1,1835,1898,1870,1879,474,1,22,4,1,0
412,0,1,1772,1,1835,1898,1870,1879,474,1,22,4,1,0
413,0,1,224,1,1835,1898,1867,1876,81,1,22,4,1,0
414,0,1,34,1,1835,1853,1847,1850,228,1,22,4,1,0
415,0,1,225,1,1835,1898,1877,1886,312,1,22,4,1,0
416,0,1,476,1,1835,1922,1876,1876,364,1,22,1,1,0
417,0,1,238,1,1836,1886,1877,1880,322,1,22,4,1,0
418,0,1,1939,1,1836,1882,1850,1870,389,1,22,5,1,0
419,0,0,1941,1,1836,1882,1850,1870,389,1,22,5,1,0
420,0,0,1516,1,1836,1882,1850,1870,389,1,22,5,1,0
421,0,0,1517,1,1836,1882,1850,1870,389,1,22,5,1,0
422,0,0,1942,1,1836,1882,1850,1870,389,1,22,5,1,0
423,0,1,1096,1,1836,1882,1850,1870,389,1,22,5,1,0
424,0,1,542,1,1836,1882,1850,1870,389,1,22,5,1,0
425,0,1,1685,1,1836,1886,1877,1880,13,1,22,4,1,0
426,0,0,1940,1,1836,1882,1850,1870,389,1,22,5,1,0
427,0,0,1026,1,1837,1897,1907,1913,102,1,22,6,1,0
428,0,1,1030,1,1837,1907,1900,1924,151,1,22,6,1,0
429,0,1,1031,1,1837,1907,1900,1924,151,1,22,6,1,0
430,0,0,2067,1,1837,1897,1890,1900,154,1,22,7,1,0
431,0,0,1025,1,1837,1897,1897,1903,116,1,26,6,1,0
432,0,1,946,1,1837,1897,1859,1859,151,1,22,7,1,0
433,0,0,1125,1,1838,1851,1840,1850,143,1,22,7,1,0
434,0,0,1231,1,1838,1851,1840,1850,143,1,22,7,1,0
435,0,0,1232,0,1838,1851,1840,1850,143,1,22,7,1,0
436,0,1,645,0,1817,1877,1846,1858,316,1,22,1,1,0
437,0,1,646,0,1820,1880,1849,1858,316,1,22,1,1,0
438,0,1,795,0,1842,1860,1844,1850,440,1,22,12,1,0
439,0,1,1928,0,1842,1847,1842,1847,368,1,22,7,1,0
440,0,1,205,0,1845,1899,1862,1863,440,1,22,12,1,0
441,0,1,1548,0,1845,1899,1862,1863,440,1,22,12,1,0
442,0,1,791,0,1847,2002,1870,1900,381,1,4,1,1,0
443,0,1,821,0,1847,1938,1915,1925,440,1,22,12,1,0
444,0,1,828,0,1848,1933,1905,1911,123,1,22,5,1,0
445,0,1,133,0,1848,1933,1902,1908,187,1,22,0,1,0
446,0,1,1983,0,1848,1856,1847,1856,364,1,22,1,1,0
447,0,1,2046,0,1848,1933,1901,1907,157,1,22,6,1,0
448,0,1,1226,0,1848,1907,1879,1880,63,1,22,11,0,1
449,0,1,811,0,1848,1936,1887,1895,384,2,25,1,1,0
450,0,1,825,0,1848,1933,1893,1896,123,1,22,5,1,0
451,0,1,826,0,1848,1933,1893,1896,123,1,22,5,1,0
452,0,1,827,0,1848,1933,1893,1896,123,1,22,5,1,0
453,0,1,831,0,1848,1933,1898,1902,118,1,22,7,1,0
454,0,1,824,0,1848,1933,1893,1896,123,1,22,5,1,0
455,0,1,832,0,1848,1933,1898,1902,118,1,22,7,1,0
456,0,1,1974,0,1848,1933,1896,1899,29,1,22,5,1,0
457,0,1,894,0,1848,1933,1898,1902,118,1,22,7,1,0
458,0,1,830,0,1848,1933,1898,1902,118,1,22,7,1,0
459,0,1,823,0,1848,1933,1893,1896,123,1,22,5,1,0
460,0,1,240,0,1848,1933,1890,1893,399,1,22,4,1,0
461,0,1,120,0,1848,1933,1894,1894,71,1,22,7,1,0
462,0,1,121,0,1848,1933,1894,1894,71,1,22,7,1,0
463,0,1,239,0,1848,1933,1888,1893,399,1,22,4,1,0
464,0,1,1225,0,1848,1933,1897,1903,146,1,22,5,1,0
465,0,1,1034,0,1848,1933,1897,1903,149,1,22,5,1,0
466,0,1,1033,0,1848,1933,1897,1903,149,1,22,5,1,0
467,0,1,545,0,1848,1933,1907,1920,124,1,22,7,1,0
468,0,1,1332,0,1848,1933,1899,1905,64,1,22,5,1,0
469,0,1,1331,0,1848,1933,1899,1910,70,1,22,5,1,0
470,0,1,517,0,1848,1933,1907,1920,124,1,22,7,1,0
471,0,1,547,0,1848,1933,1907,1920,63,1,22,7,1,0
472,0,1,947,0,1848,1933,1902,1910,509,1,22,8,1,0
473,0,1,949,0,1848,1933,1907,1920,124,1,22,7,1,0
474,0,1,1102,0,1848,1933,1907,1920,124,1,22,7,1,0
475,0,1,1103,0,1848,1933,1907,1913,63,1,22,7,1,0
476,0,1,546,0,1848,1933,1910,1919,63,1,22,7,1,0
477,0,1,1973,0,1848,1933,1897,1910,186,1,22,5,1,0
478,0,1,1489,0,1820,1880,1849,1858,316,1,22,1,1,0
479,0,1,346,0,1817,1877,1846,1858,316,1,22,1,1,0
480,0,1,434,0,1820,1880,1849,1858,316,1,22,1,1,0
481,0,1,345,0,1820,1880,1849,1858,316,1,22,1,1,0
482,0,1,644,0,1817,1877,1846,1858,316,1,22,1,1,0
483,0,1,504,0,1851,1885,1870,1878,165,1,22,4,1,0
484,0,1,1513,0,1820,1880,1849,1858,103,1,22,1,1,0
485,0,1,553,0,1821,1881,1850,1858,316,7,22,1,1,0
486,0,1,1336,0,1820,1880,1849,1858,316,1,22,1,1,0
487,0,1,1335,0,1820,1880,1849,1858,316,1,22,1,1,0
488,0,1,348,0,1817,1877,1846,1858,316,1,22,1,1,0
489,0,1,555,0,1820,1880,1849,1849,316,1,22,1,1,0
490,0,1,521,0,1823,1883,1852,1858,364,1,22,1,1,0
491,0,1,554,0,1817,1877,1846,1858,316,1,22,1,1,0
492,0,1,130,0,1853,1906,1870,1900,508,1,4,3,1,0
493,0,1,1324,0,1853,1936,1904,1904,524,1,22,8,1,0
494,0,1,1323,0,1853,1936,1904,1904,524,1,22,8,1,0
495,0,1,1665,0,1855,1940,1890,1905,322,5,22,4,1,0
496,0,1,1787,0,1856,1925,1889,1889,161,1,22,2,0,1
497,0,1,1756,0,1856,1925,1889,1889,161,1,22,2,0,1
498,0,1,1788,0,1856,1925,1889,1889,161,1,22,2,0,1
499,0,1,1755,0,1856,1925,1889,1889,161,1,22,2,0,1
500,0,0,305,0,1856,1924,1896,1904,77,1,22,0,1,0
501,0,0,306,0,1856,1924,1899,1904,77,1,22,0,1,0
502,0,0,307,0,1856,1924,1899,1904,77,1,22,7,1,0
503,0,1,1596,0,1856,1925,1875,1878,159,1,22,2,0,1
504,0,0,308,0,1856,1924,1899,1904,77,1,22,0,1,0
505,0,1,1917,0,1856,1925,1889,1889,161,1,22,2,0,1
506,0,1,2014,0,1856,1925,1889,1889,161,3,22,2,0,1
507,0,1,150,0,1856,1925,1889,1889,161,4,22,2,0,1
508,0,1,2069,0,1856,1889,1860,1870,389,1,22,5,1,0
509,0,1,1919,0,1856,1925,1889,1889,161,1,22,2,0,1
510,0,1,1852,0,1856,1925,1889,1889,161,7,22,2,0,1
511,0,1,1853,0,1856,1925,1889,1889,160,7,22,2,0,1
512,0,1,1850,0,1856,1925,1889,1889,161,7,22,2,0,1
513,0,1,1849,0,1856,1925,1889,1889,161,7,22,2,0,1
514,0,1,1848,0,1856,1925,1889,1889,161,7,22,2,0,1
515,0,1,1559,0,1856,1925,1889,1889,161,1,22,2,0,1
516,0,1,1617,0,1856,1925,1889,1889,161,1,22,2,0,1
517,0,1,1851,0,1856,1925,1889,1889,161,7,22,2,0,1
518,0,1,194,0,1856,1925,1875,1878,158,1,22,2,0,1
519,0,1,309,0,1856,1924,1893,1893,96,1,22,0,1,0
520,0,1,310,0,1856,1924,1893,1893,96,1,22,0,1,0
521,0,1,1488,0,1868,1928,1892,1895,77,1,22,0,1,0
522,0,1,311,0,1868,1928,1891,1895,72,1,22,0,1,0
523,0,1,1999,0,1858,1942,1900,1903,324,1,22,4,1,0
524,0,1,1683,0,1859,1910,1870,1875,424,1,22,4,1,0
525,0,1,1684,0,1859,1910,1872,1875,478,1,22,4,1,0
526,0,1,236,0,1859,1910,1870,1881,20,1,22,4,1,0
527,1,1,237,0,1859,1910,1867,1875,430,1,22,4,1,0
528,0,0,271,0,1859,1910,1870,1875,113,1,22,4,1,0
529,0,0,272,0,1859,1910,1870,1875,113,1,22,4,1,0
530,0,1,1529,0,1859,1910,1870,1875,432,7,22,4,1,0
531,0,1,235,0,1859,1910,1872,1875,18,1,22,4,1,0
532,0,1,35,0,1837,1897,1893,1895,152,1,22,7,1,0
533,0,1,33,0,1861,1930,1876,1876,389,1,22,5,1,0
534,0,1,1779,0,1861,1941,1900,1925,372,1,22,4,1,0
535,0,0,1780,0,1861,1941,1900,1925,372,1,22,4,1,0
536,0,1,834,0,1880,1967,1882,1882,103,1,22,1,1,0
537,0,1,1984,0,1863,1891,1887,1896,387,1,22,5,1,0
538,0,1,1059,0,1863,1922,1885,1885,381,1,22,1,1,0
539,0,1,1507,0,1863,1891,1887,1900,389,1,22,5,1,0
540,0,1,1055,0,1863,1922,1885,1885,381,1,22,1,1,0
541,0,1,1056,0,1863,1922,1885,1885,381,1,22,1,1,0
542,0,1,1506,0,1863,1891,1887,1896,388,1,22,5,1,0
543,0,1,1057,0,1863,1922,1885,1885,381,1,22,1,1,0
544,0,1,1058,0,1863,1922,1885,1885,381,1,22,1,1,0
545,0,1,1116,0,1863,1922,1873,1876,381,1,22,1,1,0
546,0,1,798,0,1863,1891,1887,1896,389,1,22,5,1,0
547,0,1,878,0,1863,1922,1885,1885,381,1,22,1,1,0
548,0,1,221,0,1864,1906,1865,1870,429,1,22,4,1,0
549,0,1,443,0,1864,1906,1877,1880,81,1,22,4,1,0
550,0,1,226,0,1864,1926,1911,1914,327,1,22,4,1,0
551,0,1,2021,0,1864,1906,1877,1880,86,1,22,4,1,0
552,0,1,1672,0,1864,1906,1877,1880,419,1,22,4,1,0
553,0,1,1511,0,1864,1873,1862,1865,389,1,22,5,1,0
554,0,1,1396,0,1865,1881,1865,1921,128,1,22,5,1,0
555,0,1,1319,0,1865,1941,1898,1908,63,1,22,7,1,0
556,0,1,1320,0,1865,1941,1898,1908,63,1,22,7,1,0
557,0,0,817,0,1880,1967,1890,1890,103,1,22,1,1,0
558,0,1,836,0,1866,1926,1897,1900,447,1,22,12,1,0
559,0,1,564,0,1866,1891,1870,1890,397,1,22,5,1,0
560,0,1,790,0,1866,1891,1870,1885,397,7,22,5,1,0
561,0,1,1504,0,1866,1891,1870,1890,397,1,22,5,1,0
562,0,1,789,0,1866,1891,1870,1890,397,1,22,5,1,0
563,0,1,1505,0,1866,1891,1870,1890,397,1,22,5,1,0
564,0,1,565,0,1866,1891,1870,1890,397,1,22,5,1,0
565,0,0,1698,0,1867,1959,1934,1937,377,1,22,4,1,0
566,0,0,1697,0,1867,1959,1937,1940,89,1,22,4,1,0
567,0,0,1410,0,1867,1959,1894,1897,348,1,22,0,1,0
568,0,1,219,0,1867,1902,1901,1904,331,1,22,4,1,0
569,0,0,1409,0,1867,1959,1894,1897,348,1,22,0,1,0
570,0,0,243,0,1867,1959,1901,1904,455,1,22,4,1,0
571,0,1,1085,0,1867,1889,1881,1884,425,1,22,4,1,0
572,0,0,13,0,1867,1917,1910,1910,151,1,18,7,1,0
573,0,0,10,0,1867,1917,1912,1912,151,1,18,7,1,0
574,0,0,1411,0,1867,1959,1894,1897,348,1,22,0,1,0
575,0,0,275,0,1867,1959,1899,1903,501,1,22,4,1,0
576,0,1,1049,0,1867,1890,1885,1888,388,1,22,5,1,0
577,0,0,1696,0,1867,1959,1901,1904,322,1,22,4,1,0
578,0,0,1694,0,1867,1959,1901,1902,322,1,22,4,1,0
579,0,0,1693,0,1867,1959,1899,1903,497,1,22,4,1,0
580,0,0,1692,0,1867,1959,1899,1903,497,1,22,4,1,0
581,0,0,1793,0,1867,1927,1919,1922,323,1,17,4,1,0
582,0,0,277,0,1867,1959,1899,1903,501,1,22,4,1,0
583,0,0,1794,0,1867,1959,1919,1922,323,1,17,4,1,0
584,0,0,278,0,1867,1959,1899,1903,501,1,22,4,1,0
585,0,1,1512,0,1867,1890,1885,1888,398,1,22,5,1,0
586,0,0,276,0,1867,1959,1899,1903,501,1,22,4,1,0
587,0,1,1519,0,1867,1890,1885,1888,388,1,22,5,1,0
588,0,1,1518,0,1867,1890,1885,1888,388,1,22,5,1,0
589,0,0,1534,0,1904,2050,1919,1922,381,1,17,1,1,0
590,0,0,1013,0,1904,2050,1919,1922,381,1,17,1,1,0
591,0,0,1533,0,1904,2050,1919,1922,381,1,17,1,1,0
592,0,1,1971,0,1869,1957,1907,1909,222,1,22,4,1,0
593,0,1,804,0,1870,1929,1894,1903,381,1,22,1,1,0
594,0,1,1027,0,1872,1919,1900,1905,440,1,22,6,1,0
595,0,1,1032,0,1872,1919,1900,1904,440,1,22,6,1,0
596,0,0,1229,0,1874,1954,1922,1922,65,1,22,11,0,1
597,0,1,232,0,1874,1897,1877,1897,77,1,22,4,1,0
598,0,1,1936,0,1874,1891,1878,1890,389,1,22,5,1,0
599,0,1,1878,0,1875,1954,1887,1890,81,1,22,4,1,0
600,0,1,1879,0,1875,1954,1887,1890,81,1,22,4,1,0
601,0,1,1880,0,1875,1954,1887,1890,81,1,22,4,1,0
602,0,1,1881,0,1875,1954,1887,1890,81,1,22,4,1,0
603,0,1,1882,0,1875,1954,1887,1890,81,1,22,4,1,0
604,0,1,1883,0,1875,1954,1887,1890,81,1,22,4,1,0
605,0,1,274,0,1875,1954,1887,1890,81,1,22,4,1,0
606,0,1,273,0,1875,1954,1887,1890,81,1,22,4,1,0
607,0,1,568,0,1877,1907,1882,1885,103,1,22,1,1,0
608,0,1,574,0,1877,1907,1881,1885,103,1,22,1,1,0
609,0,1,575,0,1877,1907,1881,1881,103,1,22,1,1,0
610,0,1,576,0,1877,1907,1881,1881,103,1,22,1,1,0
611,0,1,577,0,1877,1907,1882,1882,103,1,22,1,1,0
612,0,1,569,0,1877,1907,1882,1885,103,1,22,1,1,0
613,0,1,578,0,1877,1907,1881,1881,103,1,22,1,1,0
614,0,1,573,0,1877,1907,1883,1883,103,1,22,1,1,0
615,0,1,566,0,1877,1907,1878,1881,103,1,22,1,1,0
616,0,1,580,0,1877,1907,1885,1885,103,1,22,1,1,0
617,0,1,579,0,1877,1907,1881,1881,103,1,22,1,1,0
618,0,1,229,0,1877,1897,1877,1897,482,1,22,4,1,0
619,0,1,570,0,1877,1907,1881,1881,103,1,22,1,1,0
620,0,1,571,0,1877,1907,1882,1885,103,1,22,1,1,0
621,0,1,572,0,1877,1907,1881,1881,103,1,22,1,1,0
622,0,1,567,0,1877,1907,1881,1884,103,1,22,1,1,0
623,0,1,463,0,1878,1903,1877,1900,77,1,22,4,1,0
624,0,0,948,0,1879,1972,1905,1915,448,1,22,12,1,0
625,0,1,1011,0,1880,1889,1880,1889,103,1,22,1,1,0
626,0,1,892,0,1881,1921,1905,1912,26,1,22,5,1,0
627,0,0,1695,0,1884,1980,1901,1904,455,1,22,4,1,0
628,0,1,36,0,1885,1932,1884,1887,334,1,22,4,1,0
629,0,1,793,0,1885,1898,1886,1890,51,1,22,5,1,0
630,0,1,794,0,1885,1898,1885,1893,389,1,22,5,1,0
631,0,1,1454,0,1888,1897,1887,1890,57,1,22,7,1,0
632,0,1,788,0,1889,1896,1894,1897,383,1,22,1,1,0
633,0,1,805,0,1892,1942,1902,1917,450,1,22,12,1,0
634,0,1,829,0,1848,1933,1898,1902,118,1,22,7,1,0
635,0,1,893,0,1848,1908,1898,1902,118,1,22,7,1,0
636,0,1,1302,0,1894,1938,1902,1905,445,1,22,7,1,0
637,0,1,1301,0,1894,1938,1902,1905,445,1,22,7,1,0
638,0,1,222,0,1897,1921,1897,1910,409,1,22,4,1,0
639,0,0,1107,0,1880,1940,1929,1929,155,1,22,6,1,0
640,0,1,462,0,1848,1933,1916,1916,280,1,22,4,1,0
641,0,0,282,0,1857,1953,1923,1924,184,1,22,5,1,0
642,0,1,2060,0,1903,1931,1903,1931,185,1,22,5,1,0
643,0,0,1014,0,1904,2050,1919,1922,381,1,17,1,1,0
644,0,1,800,0,1851,1925,1908,1912,103,1,22,1,1,0
645,0,0,3,0,1880,1940,1909,1927,151,1,18,7,1,0
646,0,0,4,0,1880,1940,1909,1927,151,1,18,7,1,0
647,0,0,5,0,1880,1940,1909,1927,151,1,18,7,1,0
648,0,0,6,0,1880,1940,1909,1927,151,1,18,7,1,0
649,0,0,7,0,1880,1940,1909,1927,151,1,18,7,1,0
650,0,0,8,0,1880,1940,1909,1927,151,1,18,7,1,0
651,0,0,9,0,1880,1940,1909,1927,151,1,18,7,1,0
652,0,0,15,0,1636,1696,1665,1700,440,1,18,12,0,1
653,0,0,16,0,1771,1831,1800,1900,66,1,18,7,0,1
654,0,0,17,0,1838,1898,1867,1867,66,1,18,7,0,1
655,0,0,18,0,1831,1891,1860,1860,66,1,18,7,0,1
656,0,0,19,0,1830,1890,1859,1859,66,1,18,7,0,1
657,0,0,20,0,1831,1891,1860,1860,66,1,18,7,0,1
658,0,0,21,0,1830,1890,1859,1859,66,1,18,7,0,1
659,0,0,22,0,1852,1912,1881,1881,440,1,12,12,0,1
660,0,0,23,0,1849,1909,1878,1878,440,1,12,12,0,1
661,0,0,24,0,1831,1891,1860,1870,317,1,18,7,0,1
662,0,0,25,0,1831,1891,1860,1870,317,1,18,7,0,1
663,0,0,26,0,1831,1891,1860,1870,317,1,18,7,0,1
664,0,0,27,0,1831,1891,1860,1870,317,1,18,7,0,1
665,0,0,28,0,1831,1891,1860,1870,317,1,18,7,0,1
666,0,0,29,0,1831,1891,1860,1870,317,1,18,7,0,1
667,0,0,30,0,1856,1916,1885,1885,317,1,18,7,0,1
668,0,0,31,0,1856,1916,1885,1885,317,1,18,7,0,1
669,0,0,32,0,1837,1897,1866,1866,151,1,18,7,0,1
670,0,1,39,0,1741,1801,1770,1800,358,1,22,8,1,0
671,0,1,41,0,1821,1881,1850,1870,389,1,22,5,1,0
672,0,1,42,0,1766,1826,1795,1810,58,1,22,7,1,0
673,0,1,43,0,1766,1826,1795,1810,58,1,22,7,1,0
674,0,1,44,0,1758,1818,1787,1790,54,1,22,7,1,0
675,0,1,45,0,1758,1818,1787,1790,54,1,22,7,1,0
676,0,1,46,0,1671,1731,1700,1800,54,1,22,7,1,0
677,0,1,47,0,1671,1731,1700,1800,54,1,22,7,1,0
678,0,0,48,0,1741,1801,1770,1800,169,1,22,7,1,0
679,0,0,49,0,1741,1801,1770,1800,169,1,22,7,1,0
680,0,1,50,0,1741,1801,1770,1800,169,1,22,7,1,0
681,0,1,51,0,1741,1801,1770,1800,169,1,22,7,1,0
682,0,1,52,0,1671,1731,1700,1800,9,1,22,7,1,0
683,0,1,53,0,1671,1731,1700,1800,9,1,22,7,1,0
684,0,1,56,0,1771,1831,1800,1830,9,1,22,7,1,0
685,0,1,57,0,1771,1831,1800,1830,9,1,22,7,1,0
686,0,0,58,0,1771,1831,1800,1900,169,1,22,7,1,0
687,0,0,59,0,1771,1831,1800,1900,169,1,22,7,1,0
688,0,1,62,0,1768,1828,1797,1800,54,1,22,7,1,0
689,0,1,63,0,1768,1828,1797,1800,54,1,22,7,1,0
690,0,1,64,0,1766,1826,1795,1810,58,1,22,7,1,0
691,0,1,65,0,1766,1826,1795,1810,58,1,22,7,1,0
692,0,1,68,0,1731,1791,1760,1780,58,1,22,7,1,0
693,0,1,69,0,1731,1791,1760,1780,58,1,22,7,1,0
694,0,1,70,0,1721,1781,1750,1765,10,1,22,7,1,0
695,0,1,71,0,1721,1781,1750,1765,10,1,22,7,1,0
696,0,0,72,0,1721,1781,1750,1780,58,1,22,7,1,0
697,0,0,73,0,1721,1781,1750,1780,58,1,22,7,1,0
698,0,1,74,0,1741,1801,1770,1800,169,1,22,7,1,0
699,0,1,75,0,1741,1801,1770,1800,169,1,22,7,1,0
700,0,0,76,0,1711,1771,1740,1760,170,1,22,7,1,0
701,0,0,77,0,1711,1771,1740,1760,170,1,22,7,1,0
702,0,1,78,0,1668,1728,1697,1700,58,1,21,7,1,0
703,0,1,79,0,1668,1728,1697,1700,58,1,21,7,1,0
704,0,1,80,0,1731,1791,1760,1780,58,7,22,7,1,0
705,0,1,81,0,1731,1791,1760,1780,58,1,22,7,1,0
706,0,0,84,0,1771,1831,1800,1850,54,1,22,7,1,0
707,0,0,85,0,1771,1831,1800,1850,54,1,22,7,1,0
708,0,1,86,0,1701,1761,1730,1770,54,1,22,7,1,0
709,0,1,87,0,1701,1761,1730,1770,54,1,22,7,1,0
710,0,1,88,0,1741,1801,1770,1800,54,1,22,7,1,0
711,0,1,89,0,1741,1801,1770,1800,54,1,22,7,1,0
712,0,1,90,0,1741,1801,1770,1830,54,1,22,7,1,0
713,0,1,91,0,1741,1801,1770,1830,54,1,22,7,1,0
714,0,1,92,0,1766,1826,1795,1815,58,1,22,7,1,0
715,0,1,93,0,1766,1826,1795,1815,58,1,22,7,1,0
716,0,1,94,0,1671,1731,1700,1800,169,6,22,7,1,0
717,0,1,95,0,1671,1731,1700,1800,169,6,22,7,1,0
718,0,0,96,0,1671,1731,1700,1800,58,6,22,7,1,0
719,0,0,97,0,1671,1731,1700,1800,58,6,22,7,1,0
720,0,0,98,0,1771,1831,1800,1900,60,6,22,7,1,0
721,0,0,99,0,1771,1831,1800,1900,60,6,22,7,1,0
722,0,1,100,0,1671,1731,1700,1800,169,6,23,7,1,0
723,0,1,101,0,1671,1731,1700,1800,169,6,23,7,1,0
724,0,1,102,0,1761,1821,1790,1820,58,1,23,7,1,0
725,0,1,103,0,1761,1821,1790,1820,58,1,23,7,1,0
726,0,1,104,0,1671,1731,1700,1800,529,1,23,7,1,0
727,0,1,105,0,1671,1731,1700,1800,529,1,23,7,1,0
728,0,1,106,0,1768,1828,1797,1800,54,1,22,7,1,0
729,0,1,107,0,1768,1828,1797,1800,54,7,22,7,1,0
730,0,1,124,0,1701,1761,1730,1740,103,1,19,1,1,0
731,0,1,125,0,1701,1761,1730,1740,103,1,19,1,1,0
732,0,1,126,0,1771,1831,1800,1830,108,1,4,1,1,0
733,0,1,127,0,1771,1831,1800,1830,108,1,4,1,1,0
734,0,1,128,0,1771,1831,1800,1830,108,1,4,1,1,0
735,0,0,129,0,1839,1899,1868,1870,63,1,4,7,1,0
736,0,1,131,0,1839,1899,1868,1870,506,1,22,0,1,0
737,0,0,132,0,1793,1853,1822,1825,512,1,22,0,1,0
738,0,1,134,0,1798,1858,1827,1840,506,1,22,0,1,0
739,0,0,137,0,1771,1831,1800,1815,435,1,4,1,1,0
740,0,0,138,0,1771,1831,1800,1815,435,1,4,1,1,0
741,0,1,139,0,1806,1866,1835,1840,69,1,4,7,1,0
742,0,1,140,0,1806,1866,1835,1840,139,1,4,7,1,0
743,0,0,141,0,1771,1831,1800,1900,146,1,4,7,1,0
744,0,0,142,0,1771,1831,1800,1900,146,1,4,7,1,0
745,0,1,143,0,1618,1678,1647,1650,322,1,4,4,1,0
746,0,1,145,0,1621,1681,1650,1700,297,1,22,4,1,0
747,0,1,146,0,1621,1681,1650,1700,295,1,22,4,1,0
748,0,1,147,0,1691,1751,1720,1740,164,6,25,4,1,0
749,0,1,148,0,1671,1731,1700,1730,305,1,22,4,1,0
750,0,1,151,0,1621,1681,1650,1690,379,4,25,4,1,0
751,0,1,154,0,1681,1741,1710,1750,303,1,22,4,1,0
752,0,0,165,0,1746,1806,1775,1800,333,1,22,4,1,0
753,0,1,166,0,1721,1781,1750,1800,371,1,22,4,1,0
754,0,1,170,0,1721,1781,1750,1775,166,1,22,4,1,0
755,0,1,171,0,1661,1721,1690,1710,8,1,4,4,1,0
756,0,1,172,0,1646,1706,1675,1700,295,1,22,4,1,0
757,0,1,173,0,1621,1681,1650,1700,3,1,22,4,1,0
758,0,1,174,0,1631,1691,1660,1700,3,7,22,4,1,0
759,0,0,176,0,1756,1816,1785,1795,189,1,22,4,1,0
760,0,1,177,0,1731,1791,1760,1790,485,5,22,4,1,0
761,0,1,179,0,1696,1756,1725,1745,301,4,22,4,1,0
762,0,1,180,0,1771,1831,1800,1815,401,1,22,4,1,0
763,0,1,182,0,1723,1783,1752,1755,189,1,22,4,1,0
764,0,1,183,0,1721,1781,1750,1765,488,1,22,4,1,0
765,0,1,184,0,1711,1771,1740,1760,474,1,22,4,1,0
766,0,1,185,0,1786,1846,1815,1820,231,1,22,4,1,0
767,0,1,186,0,1706,1766,1735,1760,295,6,25,4,1,0
768,0,1,187,0,1671,1731,1700,1725,300,7,22,4,1,0
769,0,1,188,0,1761,1821,1790,1800,189,1,22,4,1,0
770,0,1,189,0,1766,1826,1795,1800,201,1,22,4,1,0
771,0,1,190,0,1726,1786,1755,1775,276,1,22,4,1,0
772,0,1,191,0,1721,1781,1750,1780,295,1,22,4,1,0
773,0,1,192,0,1726,1786,1755,1790,260,1,22,4,1,0
774,0,1,193,0,1636,1696,1665,1690,3,7,22,4,1,0
775,0,1,195,0,1696,1756,1725,1790,470,1,22,4,1,0
776,0,0,198,0,1771,1831,1800,1830,189,1,9,4,1,0
777,0,1,199,0,1671,1731,1700,1800,506,1,22,4,1,0
778,1,1,200,0,1611,1671,1640,1680,3,6,25,4,1,0
779,0,1,201,0,1601,1661,1630,1700,297,1,22,4,1,0
780,0,1,202,0,1631,1691,1660,1700,311,1,22,4,1,0
781,0,1,204,0,1741,1801,1770,1790,272,1,22,4,1,0
782,0,0,206,0,1821,1881,1850,1900,77,1,22,4,1,0
783,0,1,208,0,1701,1761,1730,1780,295,6,25,4,1,0
784,0,1,209,0,1776,1836,1805,1815,196,1,22,4,1,0
785,0,1,211,0,1843,1903,1872,1875,115,1,22,4,1,0
786,0,1,212,0,1741,1801,1770,1790,262,1,22,4,1,0
787,0,1,213,0,1768,1828,1797,1800,19,7,22,4,1,0
788,0,1,244,0,1848,1908,1877,1880,189,1,22,4,1,0
789,0,1,245,0,1848,1908,1877,1880,189,1,22,4,1,0
790,0,1,252,0,1711,1771,1740,1760,476,1,22,4,1,0
791,0,1,253,0,1711,1771,1740,1760,475,1,22,4,1,0
792,0,1,254,0,1761,1821,1790,1800,189,7,22,4,1,0
793,0,1,255,0,1771,1831,1800,1830,12,1,1,4,1,0
794,0,1,257,0,1766,1826,1795,1805,265,1,22,4,1,0
795,0,0,258,0,1766,1826,1795,1805,265,1,22,4,1,0
796,0,1,259,0,1766,1826,1795,1810,198,1,22,4,1,0
797,0,1,260,0,1766,1826,1795,1810,198,1,22,4,1,0
798,0,1,261,0,1821,1881,1850,1860,420,1,22,4,1,0
799,0,0,262,0,1821,1881,1850,1860,420,1,22,4,1,0
800,0,1,263,0,1771,1831,1800,1810,215,1,22,4,1,0
801,0,1,264,0,1771,1831,1800,1810,190,1,22,4,1,0
802,0,0,279,0,1771,1831,1800,1900,54,1,22,7,1,0
803,0,1,280,0,1823,1883,1852,1855,56,1,22,7,1,0
804,0,1,281,0,1828,1888,1857,1860,70,7,22,7,1,0
805,0,1,283,0,1818,1878,1847,1860,528,1,22,8,1,0
806,0,1,284,0,1801,1861,1830,1870,364,7,22,1,1,0
807,0,1,299,0,1771,1831,1800,1830,103,1,22,1,1,0
808,0,1,300,0,1771,1831,1800,1830,529,1,22,0,1,0
809,0,0,301,0,1771,1831,1800,1850,126,1,22,5,1,0
810,0,0,303,0,1771,1831,1800,1850,126,1,22,5,1,0
811,0,0,304,0,1763,1823,1792,1793,506,1,22,0,1,0
812,0,0,312,0,1771,1831,1800,1900,381,1,2,1,1,0
813,0,0,313,0,1771,1831,1800,1900,381,1,2,1,1,0
814,0,0,314,0,1771,1831,1800,1900,381,1,2,1,1,0
815,0,0,319,0,1846,1906,1875,1900,464,1,18,1,1,0
816,0,1,323,0,1778,1838,1807,1807,358,6,22,2,1,0
817,0,1,326,0,1811,1871,1840,1860,133,7,22,5,1,0
818,0,0,327,0,1671,1731,1700,1900,103,1,22,1,1,0
819,0,0,328,0,1671,1731,1700,1900,404,1,22,1,1,0
820,0,1,329,0,1671,1731,1700,1800,519,1,22,8,1,0
821,0,0,331,0,1768,1828,1797,1800,464,1,18,1,1,0
822,0,0,332,0,1831,1891,1860,1900,105,1,22,1,1,0
823,0,1,333,0,1796,1856,1825,1845,381,1,2,1,1,0
824,0,1,334,0,1731,1791,1760,1780,368,1,22,7,1,0
825,0,0,338,0,1863,1923,1892,1903,105,1,22,1,1,0
826,0,1,340,0,1788,1848,1817,1820,368,1,22,7,1,0
827,0,1,349,0,1784,1844,1813,1833,110,1,4,1,1,0
828,0,1,350,0,1828,1888,1857,1890,103,1,4,1,1,0
829,0,1,352,0,1786,1846,1815,1820,189,1,22,4,1,0
830,0,1,353,0,1786,1846,1815,1820,189,1,22,4,1,0
831,0,1,356,0,1851,1911,1880,1890,397,1,4,5,1,0
832,0,0,358,0,1801,1861,1830,1900,180,1,4,5,1,0
833,0,0,359,0,1771,1831,1800,1900,516,1,22,8,1,0
834,0,0,360,0,1771,1831,1800,1900,516,1,22,8,1,0
835,0,0,361,0,1771,1831,1800,1900,517,1,22,8,1,0
836,0,0,362,0,1771,1831,1800,1900,523,1,22,8,1,0
837,0,1,365,0,1851,1911,1880,1890,397,1,4,5,1,0
838,0,1,366,0,1851,1911,1880,1890,397,1,4,5,1,0
839,0,1,367,0,1641,1701,1670,1700,369,1,22,0,1,0
840,0,1,368,0,1641,1701,1670,1700,369,1,22,0,1,0
841,0,0,369,0,1771,1831,1800,1900,103,7,22,1,1,0
842,0,1,370,0,1801,1861,1830,1870,316,7,22,1,1,0
843,0,1,371,0,1746,1806,1775,1825,318,1,22,5,1,0
844,0,1,372,0,1746,1806,1775,1825,125,1,21,5,1,0
845,0,1,373,0,1733,1793,1762,1765,342,7,4,5,1,0
846,0,1,374,0,1731,1791,1760,1765,342,7,4,5,1,0
847,0,1,411,0,1651,1711,1680,1730,440,6,23,12,1,0
848,0,1,417,0,1731,1791,1760,1765,342,7,4,5,1,0
849,0,1,418,0,1731,1791,1760,1765,342,7,4,5,1,0
850,0,0,432,0,1771,1831,1800,1900,381,1,2,1,1,0
851,0,0,433,0,1771,1831,1800,1900,381,1,2,1,1,0
852,0,1,435,0,1821,1881,1850,1875,112,1,22,1,1,0
853,0,1,436,0,1711,1771,1740,1790,295,1,22,4,1,0
854,0,1,437,0,1731,1791,1760,1790,254,1,22,4,1,0
855,0,1,438,0,1731,1791,1760,1790,469,1,22,4,1,0
856,0,1,439,0,1731,1791,1760,1800,14,7,22,4,1,0
857,0,1,440,0,1781,1841,1810,1830,322,1,22,4,1,0
858,0,1,441,0,1731,1791,1760,1800,471,6,25,4,1,0
859,0,1,442,0,1801,1861,1830,1860,308,1,22,4,1,0
860,0,1,445,0,1848,1908,1877,1880,295,1,22,4,1,0
861,0,1,446,0,1852,1912,1881,1884,15,1,22,4,1,0
862,0,0,447,0,1771,1831,1800,1900,127,1,22,5,1,0
863,0,0,448,0,1771,1831,1800,1900,127,1,22,5,1,0
864,0,0,449,0,1821,1881,1850,1860,59,1,22,4,1,0
865,0,0,450,0,1671,1731,1700,1900,527,7,22,8,1,0
866,0,0,451,0,1821,1881,1850,1900,518,1,22,8,1,0
867,0,1,452,0,1851,1911,1880,1890,397,1,4,5,1,0
868,0,1,453,0,1771,1831,1800,1830,511,7,4,8,1,0
869,0,1,454,0,1668,1728,1697,1700,453,7,19,4,1,0
870,0,1,455,0,1711,1771,1740,1780,532,1,22,4,1,0
871,0,1,457,0,1768,1828,1797,1800,81,1,22,4,1,0
872,0,1,458,0,1796,1856,1825,1850,369,7,22,4,1,0
873,0,1,459,0,1818,1878,1847,1850,369,1,22,4,1,0
874,0,1,464,0,1821,1881,1850,1860,77,1,22,4,1,0
875,0,1,465,0,1806,1866,1835,1845,110,1,4,1,1,0
876,0,1,466,0,1771,1831,1800,1883,174,1,9,9,1,0
877,0,1,467,0,1747,1807,1776,1883,117,1,9,9,1,0
878,0,1,468,0,1747,1807,1776,1883,174,1,9,9,1,0
879,0,1,469,0,1747,1807,1776,1883,117,1,9,9,1,0
880,0,1,470,0,1747,1807,1776,1883,407,1,9,9,1,0
881,0,1,472,0,1747,1807,1776,1883,357,1,9,9,1,0
882,0,1,473,0,1747,1807,1776,1883,174,1,9,9,1,0
883,0,1,474,0,1747,1807,1776,1883,338,1,9,9,1,0
884,0,1,475,0,1747,1807,1776,1883,174,1,9,8,1,0
885,0,1,482,0,1747,1807,1776,1883,339,1,9,9,1,0
886,0,1,483,0,1747,1807,1776,1883,357,1,9,9,1,0
887,0,1,484,0,1747,1807,1776,1883,339,1,9,9,1,0
888,0,1,486,0,1747,1807,1776,1883,75,1,17,9,1,0
889,0,1,487,0,1771,1831,1800,1883,348,1,9,11,1,0
890,0,1,493,0,1771,1831,1800,1883,0,7,16,8,1,0
891,0,1,495,0,1747,1807,1776,1883,174,1,9,9,1,0
892,0,1,496,0,1748,1808,1777,1780,188,7,11,8,1,0
893,0,1,497,0,1747,1807,1776,1800,174,7,9,8,1,0
894,0,1,498,0,1771,1831,1800,1883,456,7,9,8,1,0
895,0,1,499,0,1771,1831,1800,1883,456,1,9,8,1,0
896,0,1,500,0,1771,1831,1800,1883,439,1,17,9,1,0
897,0,1,502,0,1771,1831,1800,1883,63,7,11,7,1,0
898,0,1,507,0,1571,1631,1600,1700,169,1,22,7,1,0
899,0,1,508,0,1696,1756,1725,1775,169,1,22,7,1,0
900,0,1,509,0,1696,1756,1725,1775,169,1,22,7,1,0
901,0,1,510,0,1671,1731,1700,1800,529,1,22,7,1,0
902,0,1,511,0,1671,1731,1700,1800,529,1,22,7,1,0
903,0,1,513,0,1645,1705,1674,1674,360,1,4,8,1,0
904,0,0,514,0,1763,1823,1792,1792,358,1,22,8,1,0
905,0,0,515,0,1715,1775,1744,1744,361,1,19,8,1,0
906,0,1,516,0,1687,1747,1716,1719,361,2,20,8,1,0
907,0,0,520,0,1771,1831,1800,1900,364,1,22,1,1,0
908,0,1,522,0,1839,1899,1868,1868,77,1,22,7,1,0
909,0,1,523,0,1751,1811,1780,1780,168,1,22,2,1,0
910,0,1,524,0,1760,1820,1789,1789,168,1,22,2,1,0
911,0,1,525,0,1766,1826,1795,1795,489,1,22,2,1,0
912,0,1,526,0,1758,1818,1787,1787,168,1,22,2,1,0
913,0,1,527,0,1781,1841,1810,1810,168,1,22,2,1,0
914,0,1,528,0,1793,1853,1822,1822,168,1,22,2,1,0
915,0,1,529,0,1755,1815,1784,1784,168,1,22,2,1,0
916,0,1,530,0,1773,1833,1802,1802,491,1,22,2,1,0
917,0,1,531,0,1740,1800,1769,1769,168,1,22,2,1,0
918,0,1,536,0,1759,1819,1788,1788,168,1,22,2,1,0
919,0,1,537,0,1771,1831,1800,1800,168,1,22,2,1,0
920,0,1,538,0,1779,1839,1808,1808,168,1,22,2,1,0
921,0,1,539,0,1790,1850,1819,1819,168,1,22,2,1,0
922,0,1,540,0,1821,1881,1850,1860,390,7,22,5,1,0
923,0,1,541,0,1831,1891,1860,1870,389,1,22,5,1,0
924,0,0,543,0,1731,1791,1760,1790,286,1,22,4,1,0
925,0,0,548,0,1771,1831,1800,1900,522,1,22,8,1,0
926,0,1,550,0,1671,1731,1700,1800,54,1,22,7,1,0
927,0,0,551,0,1771,1831,1800,1900,458,1,22,8,1,0
928,0,0,552,0,1771,1831,1800,1900,356,1,22,8,1,0
929,0,1,556,0,1686,1746,1715,1728,358,1,4,8,1,0
930,0,1,559,0,1806,1866,1835,1850,258,1,22,4,1,0
931,0,1,560,0,1823,1883,1852,1855,328,1,22,4,1,0
932,0,1,561,0,1823,1883,1852,1855,328,1,22,4,1,0
933,0,1,562,0,1771,1831,1800,1830,108,1,4,1,1,0
934,0,1,581,0,1780,1840,1809,1812,129,7,4,5,1,0
935,0,0,582,0,1771,1831,1800,1900,129,1,22,5,1,0
936,0,0,583,0,1771,1831,1800,1900,129,1,22,5,1,0
937,0,0,584,0,1771,1831,1800,1900,109,1,22,1,1,0
938,0,1,585,0,1768,1828,1797,1800,464,1,18,1,1,0
939,0,1,586,0,1771,1831,1800,1830,129,1,22,5,1,0
940,0,1,587,0,1671,1731,1700,1800,319,1,3,5,1,0
941,0,1,588,0,1671,1731,1700,1800,319,1,3,5,1,0
942,0,1,589,0,1741,1801,1770,1820,321,7,3,5,1,0
943,0,1,590,0,1734,1794,1763,1779,319,1,3,5,1,0
944,0,1,591,0,1791,1851,1820,1840,35,1,22,5,1,0
945,0,1,592,0,1671,1731,1700,1800,320,1,3,5,1,0
946,0,1,593,0,1771,1831,1800,1820,41,7,22,5,1,0
947,0,1,594,0,1771,1831,1800,1830,103,1,22,1,1,0
948,0,1,595,0,1791,1851,1820,1830,103,7,22,1,1,0
949,0,1,596,0,1771,1831,1800,1830,105,1,22,1,1,0
950,0,1,597,0,1791,1851,1820,1850,103,1,22,1,1,0
951,0,1,598,0,1741,1801,1770,1830,103,5,22,1,1,0
952,0,1,599,0,1791,1851,1820,1840,35,1,22,5,1,0
953,0,1,600,0,1612,1672,1641,1644,463,1,4,1,1,0
954,0,1,601,0,1791,1851,1820,1840,35,1,22,5,1,0
955,0,1,602,0,1796,1856,1825,1845,381,1,2,1,1,0
956,0,1,603,0,1791,1851,1820,1840,39,5,22,5,1,0
957,0,1,604,0,1791,1851,1820,1840,39,5,22,5,1,0
958,0,1,605,0,1791,1851,1820,1830,53,1,22,5,1,0
959,0,0,606,0,1771,1831,1800,1900,129,1,22,5,1,0
960,0,0,607,0,1771,1831,1800,1900,39,1,22,5,1,0
961,0,1,608,0,1771,1831,1800,1830,39,6,25,5,1,0
962,0,0,609,0,1771,1831,1800,1900,129,1,22,5,1,0
963,0,1,610,0,1811,1871,1840,1850,133,1,22,5,1,0
964,0,0,611,0,1821,1881,1850,1900,132,1,22,5,1,0
965,0,1,612,0,1843,1903,1872,1875,134,1,22,5,1,0
966,0,0,613,0,1821,1881,1850,1900,396,1,22,5,1,0
967,0,1,614,0,1671,1731,1700,1800,129,1,22,5,1,0
968,0,1,615,0,1671,1731,1700,1800,129,1,22,5,1,0
969,0,1,616,0,1788,1848,1817,1820,39,1,22,5,1,0
970,0,1,617,0,1728,1788,1757,1760,342,7,4,5,1,0
971,0,1,618,0,1671,1731,1700,1800,343,7,4,5,1,0
972,0,1,619,0,1728,1788,1757,1760,342,1,4,5,1,0
973,0,1,620,0,1728,1788,1757,1760,342,7,4,5,1,0
974,0,1,621,0,1728,1788,1757,1760,342,7,4,5,1,0
975,0,1,622,0,1731,1791,1760,1770,341,7,4,5,1,0
976,0,1,623,0,1728,1788,1757,1760,342,7,4,5,1,0
977,0,1,624,0,1731,1791,1760,1770,342,7,4,5,1,0
978,0,1,625,0,1786,1846,1815,1815,50,6,25,5,1,0
979,0,1,626,0,1786,1846,1815,1815,50,8,25,5,1,0
980,0,1,627,0,1781,1841,1810,1810,50,6,25,5,1,0
981,0,1,630,0,1831,1891,1860,1870,132,1,22,5,1,0
982,0,1,631,0,1821,1881,1850,1860,53,1,22,5,1,0
983,0,1,632,0,1709,1769,1738,1777,129,1,22,5,1,0
984,0,1,633,0,1734,1794,1763,1774,319,1,3,5,1,0
985,0,0,634,0,1771,1831,1800,1900,464,1,18,1,1,0
986,0,0,635,0,1771,1831,1800,1900,464,1,18,1,1,0
987,0,1,636,0,1728,1788,1757,1760,342,7,4,5,1,0
988,0,1,637,0,1728,1788,1757,1760,342,7,4,5,1,0
989,0,0,638,0,1671,1731,1700,1800,129,7,4,5,1,0
990,0,0,639,0,1671,1731,1700,1800,129,7,4,5,1,0
991,0,0,640,0,1671,1731,1700,1800,129,7,4,5,1,0
992,0,0,641,0,1671,1731,1700,1800,129,7,4,5,1,0
993,0,0,642,0,1671,1731,1700,1800,129,7,4,5,1,0
994,0,0,643,0,1671,1731,1700,1800,129,7,4,5,1,0
995,0,0,647,0,1771,1831,1800,1900,521,1,22,8,1,0
996,0,1,648,0,1671,1731,1700,1800,135,1,22,5,1,0
997,0,1,649,0,1671,1731,1700,1800,135,1,22,5,1,0
998,0,1,650,0,1671,1731,1700,1800,135,1,22,5,1,0
999,0,1,651,0,1671,1731,1700,1800,135,1,22,5,1,0
1000,0,1,652,0,1671,1731,1700,1800,135,1,22,5,1,0
1001,0,1,653,0,1671,1731,1700,1800,135,1,22,5,1,0
1002,0,1,654,0,1671,1731,1700,1800,146,6,7,5,1,0
1003,0,1,655,0,1671,1731,1700,1800,146,6,7,5,1,0
1004,0,1,656,0,1671,1731,1700,1800,146,6,7,5,1,0
1005,0,1,657,0,1671,1731,1700,1800,146,6,7,5,1,0
1006,0,1,658,0,1671,1731,1700,1800,146,6,7,5,1,0
1007,0,1,659,0,1671,1731,1700,1800,146,6,7,5,1,0
1008,0,1,660,0,1741,1801,1770,1800,110,1,4,1,1,0
1009,0,1,661,0,1741,1801,1770,1800,110,1,4,1,1,0
1010,0,1,662,0,1791,1851,1820,1840,36,1,4,5,1,0
1011,0,1,663,0,1641,1701,1670,1730,73,1,4,8,1,0
1012,0,0,664,0,1771,1831,1800,1900,381,1,2,1,1,0
1013,0,1,665,0,1768,1828,1797,1800,464,1,18,1,1,0
1014,0,1,666,0,1721,1781,1750,1800,464,1,18,1,1,0
1015,0,0,667,0,1718,1778,1747,1800,464,1,18,1,1,0
1016,0,1,668,0,1808,1868,1837,1840,464,1,18,1,1,0
1017,0,1,669,0,1803,1863,1832,1835,464,1,18,1,1,0
1018,0,1,670,0,1808,1868,1837,1840,464,1,18,1,1,0
1019,0,1,671,0,1788,1848,1817,1820,464,1,18,1,1,0
1020,0,1,672,0,1798,1858,1827,1830,464,1,18,1,1,0
1021,0,0,673,0,1846,1906,1875,1900,464,1,18,1,1,0
1022,1,1,674,0,1618,1678,1647,1650,464,1,18,1,1,0
1023,0,1,675,0,1751,1811,1780,1820,41,5,22,5,1,0
1024,0,1,676,0,1768,1828,1797,1814,105,1,22,1,1,0
1025,0,1,677,0,1771,1831,1800,1830,41,7,22,5,1,0
1026,0,1,678,0,1808,1868,1837,1840,464,1,18,1,1,0
1027,0,0,679,0,1846,1906,1875,1900,464,1,18,1,1,0
1028,0,0,680,0,1846,1906,1875,1900,464,1,18,1,1,0
1029,0,0,682,0,1771,1831,1800,1900,129,7,22,5,1,0
1030,0,1,683,0,1771,1831,1800,1825,30,1,22,5,1,0
1031,0,1,684,0,1801,1861,1830,1850,30,1,22,5,1,0
1032,0,0,686,0,1733,1793,1762,1770,382,7,4,1,1,0
1033,0,1,687,0,1741,1801,1770,1800,381,1,2,1,1,0
1034,0,1,688,0,1671,1731,1700,1730,440,1,2,12,1,0
1035,0,1,689,0,1788,1848,1817,1820,104,1,22,1,1,0
1036,0,1,690,0,1821,1881,1850,1875,129,1,22,5,1,0
1037,0,1,691,0,1721,1781,1750,1760,463,1,4,1,1,0
1038,0,1,692,0,1733,1793,1762,1765,457,1,4,1,1,0
1039,0,1,693,0,1741,1801,1770,1800,381,1,2,1,1,0
1040,0,1,694,0,1771,1831,1800,1830,41,1,22,5,1,0
1041,0,1,695,0,1801,1861,1830,1850,129,1,22,5,1,0
1042,0,0,696,0,1707,1767,1736,1795,381,1,2,1,1,0
1043,0,0,697,0,1707,1767,1736,1795,381,1,2,1,1,0
1044,0,0,698,0,1707,1767,1736,1795,381,1,2,1,1,0
1045,0,1,699,0,1753,1813,1782,1790,381,1,2,1,1,0
1046,0,1,701,0,1791,1851,1820,1840,29,7,22,5,1,0
1047,0,1,702,0,1771,1831,1800,1830,41,1,22,5,1,0
1048,0,1,704,0,1801,1861,1830,1850,41,1,22,5,1,0
1049,0,1,706,0,1711,1771,1740,1750,457,1,4,1,1,0
1050,0,1,707,0,1718,1778,1747,1750,457,1,4,1,1,0
1051,0,1,708,0,1728,1788,1757,1760,463,1,4,1,1,0
1052,0,1,709,0,1718,1778,1747,1750,457,1,4,1,1,0
1053,0,1,710,0,1671,1731,1700,1800,129,1,22,5,1,0
1054,0,1,711,0,1796,1856,1825,1850,129,1,22,5,1,0
1055,0,0,712,0,1751,1811,1780,1820,41,5,22,5,1,0
1056,0,1,713,0,1751,1811,1780,1820,41,7,4,5,1,0
1057,0,1,714,0,1771,1831,1800,1830,129,5,22,5,1,0
1058,0,1,715,0,1801,1861,1830,1870,129,1,22,5,1,0
1059,0,1,716,0,1796,1856,1825,1840,381,1,2,1,1,0
1060,0,1,718,0,1771,1831,1800,1830,108,1,4,1,1,0
1061,0,1,719,0,1771,1831,1800,1830,108,1,4,1,1,0
1062,0,1,720,0,1771,1831,1800,1830,108,1,4,1,1,0
1063,0,1,721,0,1707,1767,1736,1795,381,1,2,1,1,0
1064,0,1,722,0,1707,1767,1736,1795,381,1,2,1,1,0
1065,0,1,723,0,1707,1767,1736,1795,381,1,2,1,1,0
1066,0,1,724,0,1707,1767,1736,1795,381,1,2,1,1,0
1067,0,1,725,0,1707,1767,1736,1795,381,1,2,1,1,0
1068,0,1,726,0,1707,1767,1736,1795,381,1,2,1,1,0
1069,0,1,727,0,1821,1881,1850,1870,389,7,22,5,1,0
1070,0,1,728,0,1821,1881,1850,1870,389,7,22,5,1,0
1071,0,1,729,0,1821,1881,1850,1870,389,7,22,5,1,0
1072,0,1,730,0,1821,1881,1850,1870,389,7,22,5,1,0
1073,0,1,731,0,1821,1881,1850,1870,390,7,22,5,1,0
1074,0,1,732,0,1801,1861,1830,1870,389,1,22,5,1,0
1075,0,1,733,0,1856,1916,1885,1890,46,5,4,5,1,0
1076,0,1,734,0,1857,1917,1886,1895,45,6,23,5,1,0
1077,0,1,735,0,1857,1917,1886,1895,44,6,23,5,1,0
1078,0,1,736,0,1857,1917,1886,1895,48,1,22,5,1,0
1079,0,0,737,0,1856,1916,1885,1900,27,6,23,5,1,0
1080,0,0,738,0,1856,1916,1885,1900,27,1,22,5,1,0
1081,0,1,739,0,1853,1913,1882,1885,43,7,4,5,1,0
1082,0,1,740,0,1853,1913,1882,1885,28,7,4,5,1,0
1083,0,0,741,0,1856,1916,1885,1900,42,7,4,5,1,0
1084,0,0,742,0,1841,1901,1870,1900,389,7,4,5,1,0
1085,0,1,743,0,1851,1911,1880,1890,397,1,4,5,1,0
1086,0,1,744,0,1719,1779,1748,1751,440,7,22,12,1,0
1087,0,1,745,0,1806,1866,1835,1840,181,1,22,5,1,0
1088,0,1,746,0,1806,1866,1835,1850,181,1,22,5,1,0
1089,0,1,747,0,1806,1866,1835,1840,181,1,22,5,1,0
1090,0,1,748,0,1806,1866,1835,1850,181,1,22,5,1,0
1091,0,1,749,0,1808,1868,1837,1840,181,1,22,5,1,0
1092,0,1,750,0,1808,1868,1837,1840,181,7,22,5,1,0
1093,0,0,751,0,1771,1831,1800,1900,181,5,22,5,1,0
1094,0,1,752,0,1806,1866,1835,1840,181,5,22,5,1,0
1095,0,1,753,0,1806,1866,1835,1850,181,1,22,5,1,0
1096,0,1,754,0,1801,1861,1830,1845,181,1,22,5,1,0
1097,0,1,755,0,1798,1858,1827,1830,181,1,22,5,1,0
1098,0,1,756,0,1801,1861,1830,1845,181,1,22,5,1,0
1099,0,1,758,0,1801,1861,1830,1845,181,6,25,5,1,0
1100,0,1,759,0,1801,1861,1830,1835,181,1,22,5,1,0
1101,0,1,760,0,1806,1866,1835,1840,181,1,22,5,1,0
1102,0,1,761,0,1801,1861,1830,1840,181,1,22,5,1,0
1103,0,1,762,0,1801,1861,1830,1840,181,1,22,5,1,0
1104,0,1,763,0,1798,1858,1827,1830,181,1,22,5,1,0
1105,0,0,764,0,1771,1831,1800,1900,181,1,22,5,1,0
1106,0,1,765,0,1801,1861,1830,1840,181,1,22,5,1,0
1107,0,1,766,0,1803,1863,1832,1835,181,7,22,5,1,0
1108,0,1,767,0,1806,1866,1835,1850,181,1,22,5,1,0
1109,0,1,768,0,1806,1866,1835,1850,181,1,22,5,1,0
1110,0,0,769,0,1771,1831,1800,1900,181,6,22,5,1,0
1111,0,1,770,0,1818,1878,1847,1850,181,6,23,5,1,0
1112,0,1,771,0,1818,1878,1847,1850,181,6,23,5,1,0
1113,0,0,772,0,1866,1926,1895,1910,24,1,22,5,1,0
1114,0,1,773,0,1788,1848,1817,1820,73,1,22,8,1,0
1115,0,0,774,0,1771,1831,1800,1900,381,1,2,1,1,0
1116,0,0,775,0,1771,1831,1800,1900,381,1,2,1,1,0
1117,0,1,776,0,1707,1767,1736,1795,381,1,2,1,1,0
1118,0,0,777,0,1771,1831,1800,1900,129,5,22,5,1,0
1119,0,0,778,0,1771,1831,1800,1900,468,1,22,8,1,0
1120,0,1,779,0,1841,1901,1870,1880,398,1,22,5,1,0
1121,0,1,780,0,1841,1901,1870,1890,398,1,22,5,1,0
1122,0,1,792,0,1806,1866,1835,1850,181,7,9,5,1,0
1123,0,1,797,0,1851,1911,1880,1890,97,1,22,5,1,0
1124,0,1,819,0,1853,1913,1882,1885,47,1,4,5,1,0
1125,0,0,820,0,1856,1916,1885,1900,22,1,4,5,1,0
1126,0,1,833,0,1701,1761,1730,1775,440,6,15,12,1,0
1127,0,1,840,0,1756,1816,1785,1790,381,1,2,1,1,0
1128,0,1,841,0,1756,1816,1785,1790,381,1,2,1,1,0
1129,0,1,842,0,1756,1816,1785,1790,381,1,2,1,1,0
1130,0,1,843,0,1756,1816,1785,1790,381,1,2,1,1,0
1131,0,1,844,0,1756,1816,1785,1790,381,1,2,1,1,0
1132,0,1,845,0,1756,1816,1785,1790,381,1,2,1,1,0
1133,0,1,846,0,1756,1816,1785,1790,381,1,2,1,1,0
1134,0,1,847,0,1756,1816,1785,1790,381,1,2,1,1,0
1135,0,1,848,0,1756,1816,1785,1790,381,1,2,1,1,0
1136,0,1,849,0,1756,1816,1785,1790,381,1,2,1,1,0
1137,0,1,850,0,1756,1816,1785,1790,381,1,2,1,1,0
1138,0,1,851,0,1756,1816,1785,1790,381,1,2,1,1,0
1139,0,1,852,0,1756,1816,1785,1790,381,1,2,1,1,0
1140,0,1,853,0,1756,1816,1785,1790,381,1,2,1,1,0
1141,0,1,854,0,1756,1816,1785,1790,381,1,2,1,1,0
1142,0,1,855,0,1756,1816,1785,1790,381,1,2,1,1,0
1143,0,1,856,0,1756,1816,1785,1790,381,1,2,1,1,0
1144,0,1,857,0,1721,1781,1750,1775,381,1,2,1,1,0
1145,0,1,858,0,1756,1816,1785,1790,381,1,2,1,1,0
1146,0,1,859,0,1756,1816,1785,1790,381,1,2,1,1,0
1147,0,1,860,0,1756,1816,1785,1790,381,1,2,1,1,0
1148,0,1,861,0,1756,1816,1785,1790,381,1,2,1,1,0
1149,0,1,862,0,1756,1816,1785,1790,381,1,2,1,1,0
1150,0,1,863,0,1756,1816,1785,1790,381,1,2,1,1,0
1151,0,1,864,0,1756,1816,1785,1790,381,1,2,1,1,0
1152,0,1,865,0,1756,1816,1785,1790,381,1,2,1,1,0
1153,0,1,866,0,1756,1816,1785,1790,381,1,2,1,1,0
1154,0,1,867,0,1756,1816,1785,1790,381,1,2,1,1,0
1155,0,1,868,0,1756,1816,1785,1790,381,1,2,1,1,0
1156,0,1,869,0,1756,1816,1785,1790,381,1,2,1,1,0
1157,0,1,870,0,1756,1816,1785,1790,381,1,2,1,1,0
1158,0,1,871,0,1756,1816,1785,1790,381,1,2,1,1,0
1159,0,1,872,0,1756,1816,1785,1790,381,1,2,1,1,0
1160,0,1,873,0,1756,1816,1785,1790,381,1,2,1,1,0
1161,0,1,874,0,1756,1816,1785,1790,381,1,2,1,1,0
1162,0,1,875,0,1756,1816,1785,1790,381,1,2,1,1,0
1163,0,1,876,0,1671,1731,1700,1800,381,1,2,1,1,0
1164,0,1,877,0,1831,1891,1860,1866,381,1,2,1,1,0
1165,0,1,881,0,1748,1808,1777,1780,381,5,9,1,1,0
1166,0,1,882,0,1756,1816,1785,1790,381,1,2,1,1,0
1167,0,1,883,0,1756,1816,1785,1790,381,1,2,1,1,0
1168,0,1,884,0,1746,1806,1775,1820,321,7,3,5,1,0
1169,0,1,885,0,1746,1806,1775,1820,321,7,3,5,1,0
1170,0,1,886,0,1821,1881,1850,1870,389,7,22,5,1,0
1171,0,1,887,0,1821,1881,1850,1870,389,7,22,5,1,0
1172,0,1,888,0,1851,1911,1880,1890,397,1,4,5,1,0
1173,0,1,889,0,1851,1911,1880,1890,397,1,4,5,1,0
1174,0,1,890,0,1851,1911,1880,1890,397,1,4,5,1,0
1175,0,1,891,0,1851,1911,1880,1890,397,1,4,5,1,0
1176,0,1,895,0,1813,1873,1842,1845,464,1,18,1,1,0
1177,0,1,896,0,1741,1801,1770,1800,466,7,4,8,1,0
1178,0,1,897,0,1771,1831,1800,1830,444,5,11,7,1,0
1179,0,1,898,0,1741,1801,1770,1800,418,1,9,8,1,0
1180,0,1,899,0,1731,1791,1760,1883,177,1,9,8,1,0
1181,0,1,900,0,1741,1801,1770,1800,465,1,9,8,1,0
1182,0,1,901,0,1731,1791,1760,1883,515,7,9,8,1,0
1183,0,1,902,0,1731,1791,1760,1883,176,1,9,8,1,0
1184,0,1,903,0,1771,1831,1800,1883,467,1,9,8,1,0
1185,0,1,904,0,1741,1801,1770,1800,362,1,9,9,1,0
1186,0,1,905,0,1771,1831,1800,1883,465,1,9,9,1,0
1187,0,1,906,0,1746,1806,1775,1800,362,1,9,8,1,0
1188,0,1,907,0,1771,1831,1800,1883,514,1,9,8,1,0
1189,0,1,908,0,1646,1706,1675,1700,328,1,22,4,1,0
1190,0,1,909,0,1668,1728,1697,1700,369,1,22,4,1,0
1191,0,1,910,0,1631,1691,1660,1700,336,1,22,4,1,0
1192,0,1,911,0,1646,1706,1675,1700,328,1,22,4,1,0
1193,0,1,912,0,1646,1706,1675,1700,328,1,22,4,1,0
1194,0,1,914,0,1651,1711,1680,1700,498,1,22,4,1,0
1195,0,1,915,0,1801,1861,1830,1870,364,1,22,1,1,0
1196,0,1,916,0,1771,1831,1800,1830,440,5,22,12,1,0
1197,0,1,917,0,1771,1831,1800,1830,378,1,22,4,1,0
1198,0,1,918,0,1748,1808,1777,1780,79,1,22,4,1,0
1199,0,1,919,0,1741,1801,1770,1800,79,1,22,4,1,0
1200,0,0,920,0,1771,1831,1800,1830,295,1,22,4,1,0
1201,0,1,921,0,1741,1801,1770,1800,375,1,22,4,1,0
1202,0,1,922,0,1676,1736,1705,1715,533,1,22,4,1,0
1203,0,1,923,0,1768,1828,1797,1800,380,1,22,4,1,0
1204,0,1,924,0,1801,1861,1830,1870,364,7,22,1,1,0
1205,0,1,925,0,1801,1861,1830,1870,364,7,22,1,1,0
1206,0,1,926,0,1801,1861,1830,1870,364,7,22,1,1,0
1207,0,1,927,0,1801,1861,1830,1870,364,7,22,1,1,0
1208,0,1,928,0,1801,1861,1830,1870,364,7,22,1,1,0
1209,0,1,929,0,1801,1861,1830,1870,364,7,22,1,1,0
1210,0,1,930,0,1801,1861,1830,1870,364,7,22,1,1,0
1211,0,1,931,0,1801,1861,1830,1870,364,7,22,1,1,0
1212,0,1,932,0,1801,1861,1830,1870,364,7,22,1,1,0
1213,0,1,933,0,1801,1861,1830,1870,364,7,22,1,1,0
1214,0,1,934,0,1661,1721,1690,1710,328,1,22,4,1,0
1215,0,1,935,0,1646,1706,1675,1700,328,1,22,4,1,0
1216,0,1,936,0,1706,1766,1735,1760,479,1,22,4,1,0
1217,0,0,937,0,1768,1828,1797,1800,118,1,4,1,1,0
1218,0,1,938,0,1748,1808,1777,1780,79,1,22,4,1,0
1219,0,1,939,0,1748,1808,1777,1780,79,1,22,4,1,0
1220,0,1,943,0,1771,1831,1800,1883,510,1,9,8,1,0
1221,0,0,950,0,1791,1851,1820,1830,473,1,9,1,1,0
1222,0,1,951,0,1793,1853,1822,1825,150,7,4,1,1,0
1223,0,1,952,0,1801,1861,1830,1870,364,7,22,1,1,0
1224,0,0,956,0,1771,1831,1800,1900,366,1,6,6,1,0
1225,0,1,957,0,1671,1731,1700,1800,169,1,6,7,1,0
1226,0,1,958,0,1768,1828,1797,1800,283,1,22,4,1,0
1227,0,0,959,0,1801,1861,1830,1900,163,1,22,6,1,0
1228,0,0,961,0,1771,1831,1800,1900,97,7,4,5,1,0
1229,0,0,962,0,1771,1831,1800,1900,97,7,4,5,1,0
1230,0,0,963,0,1771,1831,1800,1900,97,7,4,5,1,0
1231,0,0,964,0,1771,1831,1800,1900,97,7,4,5,1,0
1232,0,0,965,0,1771,1831,1800,1900,97,7,4,5,1,0
1233,0,0,966,0,1771,1831,1800,1900,97,7,4,5,1,0
1234,0,0,967,0,1771,1831,1800,1900,97,7,4,5,1,0
1235,0,0,968,0,1771,1831,1800,1900,97,7,4,5,1,0
1236,0,0,969,0,1771,1831,1800,1900,97,7,4,5,1,0
1237,0,0,971,0,1671,1731,1700,1800,145,1,22,7,1,0
1238,0,1,972,0,1671,1731,1700,1800,95,1,22,7,1,0
1239,0,1,973,0,1756,1816,1785,1790,381,1,2,1,1,0
1240,0,1,974,0,1756,1816,1785,1790,381,1,2,1,1,0
1241,0,1,975,0,1756,1816,1785,1790,381,1,2,1,1,0
1242,0,1,976,0,1756,1816,1785,1790,381,1,2,1,1,0
1243,0,1,977,0,1756,1816,1785,1790,381,1,2,1,1,0
1244,0,1,978,0,1756,1816,1785,1790,381,1,2,1,1,0
1245,0,1,979,0,1756,1816,1785,1790,381,1,2,1,1,0
1246,0,1,980,0,1756,1816,1785,1790,381,1,2,1,1,0
1247,0,1,981,0,1756,1816,1785,1790,381,1,2,1,1,0
1248,0,1,982,0,1756,1816,1785,1790,381,1,2,1,1,0
1249,0,1,983,0,1756,1816,1785,1790,381,1,2,1,1,0
1250,0,1,984,0,1756,1816,1785,1790,381,1,2,1,1,0
1251,0,1,985,0,1756,1816,1785,1790,381,1,2,1,1,0
1252,0,1,986,0,1756,1816,1785,1790,381,1,2,1,1,0
1253,0,1,987,0,1756,1816,1785,1790,381,1,2,1,1,0
1254,0,1,988,0,1756,1816,1785,1790,381,1,2,1,1,0
1255,0,1,989,0,1756,1816,1785,1790,381,1,2,1,1,0
1256,0,1,990,0,1756,1816,1785,1790,381,1,2,1,1,0
1257,0,1,991,0,1756,1816,1785,1790,381,1,2,1,1,0
1258,0,1,992,0,1756,1816,1785,1790,381,1,2,1,1,0
1259,0,1,993,0,1756,1816,1785,1790,381,1,2,1,1,0
1260,0,1,994,0,1756,1816,1785,1790,381,1,2,1,1,0
1261,0,1,995,0,1756,1816,1785,1790,381,1,2,1,1,0
1262,0,1,996,0,1756,1816,1785,1790,381,1,2,1,1,0
1263,0,1,997,0,1756,1816,1785,1790,381,1,2,1,1,0
1264,0,1,998,0,1756,1816,1785,1790,381,1,2,1,1,0
1265,0,1,999,0,1756,1816,1785,1790,381,1,2,1,1,0
1266,0,1,1000,0,1756,1816,1785,1790,381,1,2,1,1,0
1267,0,1,1001,0,1756,1816,1785,1790,381,1,2,1,1,0
1268,0,1,1002,0,1756,1816,1785,1790,381,1,2,1,1,0
1269,0,1,1003,0,1756,1816,1785,1790,381,1,2,1,1,0
1270,0,1,1004,0,1756,1816,1785,1790,381,1,2,1,1,0
1271,0,1,1005,0,1756,1816,1785,1790,381,1,2,1,1,0
1272,0,1,1006,0,1756,1816,1785,1790,381,1,2,1,1,0
1273,0,1,1007,0,1756,1816,1785,1790,381,1,2,1,1,0
1274,0,1,1008,0,1756,1816,1785,1790,381,1,2,1,1,0
1275,0,1,1009,0,1841,1901,1870,1890,389,1,2,5,1,0
1276,0,1,1010,0,1848,1908,1877,1880,389,1,2,5,1,0
1277,0,1,1015,0,1741,1801,1770,1800,404,7,17,1,1,0
1278,0,1,1016,0,1741,1801,1770,1800,404,7,17,1,1,0
1279,0,1,1017,0,1758,1818,1787,1787,79,7,17,4,1,0
1280,0,1,1018,0,1671,1731,1700,1800,79,7,17,4,1,0
1281,0,1,1019,0,1741,1801,1770,1800,79,7,22,4,1,0
1282,0,1,1020,0,1748,1808,1777,1780,79,1,22,4,1,0
1283,0,1,1021,0,1748,1808,1777,1780,79,1,22,4,1,0
1284,0,1,1022,0,1791,1851,1820,1825,369,1,22,4,1,0
1285,0,0,1023,0,1876,1936,1905,1915,101,1,22,6,1,0
1286,0,0,1024,0,1871,1931,1900,1957,156,1,26,6,1,0
1287,0,0,1028,0,1771,1831,1800,1900,367,1,22,6,1,0
1288,0,0,1035,0,1671,1731,1700,1900,381,1,2,1,1,0
1289,0,0,1036,0,1671,1731,1700,1800,381,1,2,1,1,0
1290,0,1,1037,0,1671,1731,1700,1800,130,1,22,5,1,0
1291,0,1,1038,0,1671,1731,1700,1800,130,1,22,0,1,0
1292,0,1,1039,0,1671,1731,1700,1800,130,1,22,0,1,0
1293,0,1,1040,0,1671,1731,1700,1800,129,1,22,0,1,0
1294,0,1,1041,0,1671,1731,1700,1800,129,1,22,0,1,0
1295,0,1,1042,0,1671,1731,1700,1800,129,1,22,0,1,0
1296,0,1,1043,0,1671,1731,1700,1800,129,1,22,0,1,0
1297,0,1,1044,0,1721,1781,1750,1790,292,1,22,4,1,0
1298,0,1,1045,0,1721,1781,1750,1765,484,6,25,4,1,0
1299,0,0,1046,0,1726,1786,1755,1790,274,1,22,4,1,0
1300,0,1,1048,0,1841,1901,1870,1885,386,5,22,5,1,0
1301,0,1,1052,0,1764,1824,1793,1793,378,1,22,4,1,0
1302,0,1,1053,0,1758,1818,1787,1790,81,1,22,4,1,0
1303,0,1,1054,0,1758,1818,1787,1790,81,1,22,4,1,0
1304,0,1,1061,0,1671,1731,1700,1750,440,1,22,12,1,0
1305,0,1,1062,0,1771,1831,1800,1883,120,1,22,7,1,0
1306,0,1,1063,0,1771,1831,1800,1883,120,1,22,1,1,0
1307,0,1,1064,0,1741,1801,1770,1800,368,1,22,7,1,0
1308,0,1,1065,0,1757,1817,1786,1789,54,1,22,7,1,0
1309,0,1,1066,0,1801,1861,1830,1870,445,1,22,7,1,0
1310,0,1,1073,0,1771,1831,1800,1825,62,7,22,7,1,0
1311,0,0,1074,0,1671,1731,1700,1900,61,7,22,7,1,0
1312,0,1,1075,0,1771,1831,1800,1830,441,7,22,7,1,0
1313,0,1,1076,0,1650,1710,1679,1679,414,1,22,4,1,0
1314,0,1,1077,0,1671,1731,1700,1750,85,1,22,4,1,0
1315,0,1,1078,0,1838,1898,1867,1870,419,1,22,4,1,0
1316,0,1,1079,0,1827,1887,1856,1856,74,1,22,4,1,0
1317,0,1,1086,0,1671,1731,1700,1800,408,1,9,7,1,0
1318,0,1,1087,0,1671,1731,1700,1800,408,1,9,7,1,0
1319,0,1,1088,0,1746,1806,1775,1800,103,1,4,1,1,0
1320,0,1,1089,0,1746,1806,1775,1800,103,1,4,1,1,0
1321,0,1,1091,0,1821,1881,1850,1870,389,7,22,5,1,0
1322,0,1,1092,0,1821,1881,1850,1870,389,7,22,5,1,0
1323,0,0,1093,0,1771,1831,1800,1900,390,1,22,5,1,0
1324,0,1,1094,0,1841,1901,1870,1890,398,1,22,5,1,0
1325,0,1,1095,0,1841,1901,1870,1890,398,1,22,5,1,0
1326,0,1,1097,0,1801,1861,1830,1835,181,7,22,5,1,0
1327,0,1,1098,0,1786,1846,1815,1815,50,6,25,5,1,0
1328,0,1,1099,0,1786,1846,1815,1815,365,6,25,5,1,0
1329,0,1,1100,0,1786,1846,1815,1815,50,6,25,5,1,0
1330,0,1,1101,0,1786,1846,1815,1815,50,6,25,5,1,0
1331,0,0,1104,0,1771,1831,1800,1900,520,1,22,8,1,0
1332,0,1,1105,0,1796,1856,1825,1850,433,1,22,8,1,0
1333,0,1,1106,0,1747,1807,1776,1830,147,1,4,5,1,0
1334,0,1,1109,0,1828,1888,1857,1860,340,1,4,6,1,0
1335,0,1,1110,0,1755,1815,1784,1787,178,1,4,1,1,0
1336,0,1,1111,0,1731,1791,1760,1800,103,1,4,1,1,0
1337,0,1,1115,0,1801,1861,1830,1870,434,1,9,6,1,0
1338,0,1,1117,0,1808,1868,1837,1840,29,6,24,5,1,0
1339,0,1,1118,0,1766,1826,1795,1810,91,1,4,5,1,0
1340,0,1,1119,0,1766,1826,1795,1810,91,1,4,5,1,0
1341,0,0,1120,0,1771,1831,1800,1900,140,1,4,7,1,0
1342,0,1,1121,0,1753,1813,1782,1785,97,1,4,5,1,0
1343,0,1,1122,0,1771,1831,1800,1830,32,1,4,5,1,0
1344,0,1,1123,0,1808,1868,1837,1840,29,6,24,5,1,0
1345,0,1,1124,0,1804,1864,1833,1836,139,1,24,7,1,0
1346,0,0,1126,0,1771,1831,1800,1900,139,1,22,7,1,0
1347,0,0,1127,0,1771,1831,1800,1900,139,1,22,7,1,0
1348,0,1,1130,0,1781,1841,1810,1820,139,1,9,7,1,0
1349,0,1,1131,0,1781,1841,1810,1820,139,1,9,7,1,0
1350,0,1,1132,0,1758,1818,1787,1790,32,1,4,5,1,0
1351,0,1,1133,0,1758,1818,1787,1790,32,1,4,5,1,0
1352,0,0,1134,0,1771,1831,1800,1900,32,1,4,5,1,0
1353,0,0,1135,0,1771,1831,1800,1900,32,1,4,5,1,0
1354,0,1,1136,0,1781,1841,1810,1820,139,1,9,7,1,0
1355,0,1,1137,0,1781,1841,1810,1820,139,1,9,7,1,0
1356,0,1,1138,0,1804,1864,1833,1836,141,1,9,7,1,0
1357,0,1,1139,0,1804,1864,1833,1836,141,1,9,7,1,0
1358,0,1,1140,0,1798,1858,1827,1830,436,1,4,7,1,0
1359,0,1,1141,0,1798,1858,1827,1830,446,1,4,7,1,0
1360,0,1,1144,0,1851,1911,1880,1890,97,1,22,5,1,0
1361,0,1,1145,0,1851,1911,1880,1890,97,1,22,5,1,0
1362,0,0,1146,0,1771,1831,1800,1900,139,1,22,7,1,0
1363,0,0,1147,0,1771,1831,1800,1900,139,1,22,7,1,0
1364,0,1,1150,0,1754,1814,1783,1783,369,1,22,4,1,0
1365,0,1,1151,0,1771,1831,1800,1830,504,1,22,4,1,0
1366,0,1,1154,0,1771,1831,1800,1830,460,7,22,7,1,0
1367,0,0,1155,0,1671,1731,1700,1900,460,7,22,7,1,0
1368,0,1,1156,0,1741,1801,1770,1800,129,7,22,5,1,0
1369,0,1,1157,0,1741,1801,1770,1800,129,7,22,5,1,0
1370,0,1,1158,0,1671,1731,1700,1800,169,1,22,7,1,0
1371,0,1,1161,0,1766,1826,1795,1805,205,1,22,4,1,0
1372,0,1,1162,0,1671,1731,1700,1730,58,1,22,7,1,0
1373,0,0,1163,0,1671,1731,1700,1800,58,1,22,7,1,0
1374,0,1,1165,0,1671,1731,1700,1800,295,1,22,4,1,0
1375,0,1,1167,0,1693,1753,1722,1725,370,1,22,4,1,0
1376,0,1,1168,0,1671,1731,1700,1750,369,1,22,4,1,0
1377,0,1,1169,0,1671,1731,1700,1800,529,1,22,7,1,0
1378,0,1,1170,0,1701,1761,1730,1750,55,5,22,7,1,0
1379,0,1,1171,0,1768,1828,1797,1800,506,1,2,4,1,0
1380,0,1,1172,0,1768,1828,1797,1800,205,7,2,4,1,0
1381,0,1,1173,0,1671,1731,1700,1800,295,7,22,4,1,0
1382,0,1,1174,0,1771,1831,1800,1830,82,1,22,4,1,0
1383,0,1,1175,0,1771,1831,1800,1840,81,1,22,4,1,0
1384,0,1,1176,0,1771,1831,1800,1840,299,1,22,4,1,0
1385,0,1,1177,0,1721,1781,1750,1800,506,5,22,4,1,0
1386,0,0,1178,0,1746,1806,1775,1800,462,1,22,7,1,0
1387,0,1,1180,0,1741,1801,1770,1800,81,1,22,4,1,0
1388,0,1,1181,0,1671,1731,1700,1800,530,1,22,7,1,0
1389,0,1,1182,0,1703,1763,1732,1735,170,1,22,7,1,0
1390,0,1,1183,0,1768,1828,1797,1800,464,1,18,1,1,0
1391,0,1,1184,0,1771,1831,1800,1830,103,7,22,1,1,0
1392,0,1,1185,0,1671,1731,1700,1800,131,1,22,5,1,0
1393,0,0,1186,0,1618,1678,1647,1650,54,1,4,7,1,0
1394,0,0,1187,0,1618,1678,1647,1650,54,1,4,7,1,0
1395,0,0,1188,0,1618,1678,1647,1650,54,1,4,7,1,0
1396,0,0,1189,0,1618,1678,1647,1650,54,1,4,7,1,0
1397,0,1,1190,0,1671,1731,1700,1800,454,1,4,7,1,0
1398,0,0,1191,0,1771,1831,1800,1900,103,1,22,1,1,0
1399,0,1,1192,0,1741,1801,1770,1800,54,1,22,7,1,0
1400,0,1,1193,0,1631,1691,1660,1680,54,1,4,7,1,0
1401,0,1,1194,0,1571,1631,1600,1700,54,6,8,7,1,0
1402,0,1,1195,0,1571,1631,1600,1700,54,6,8,7,1,0
1403,0,1,1196,0,1571,1631,1600,1700,54,6,8,7,1,0
1404,0,1,1197,0,1571,1631,1600,1700,54,6,8,7,1,0
1405,0,1,1198,0,1671,1731,1700,1800,54,6,23,7,1,0
1406,0,1,1199,0,1671,1731,1700,1800,54,6,23,7,1,0
1407,0,1,1200,0,1796,1856,1825,1850,181,1,22,5,1,0
1408,0,1,1201,0,1831,1891,1860,1870,385,1,22,5,1,0
1409,0,0,1202,0,1846,1906,1875,1900,398,1,22,5,1,0
1410,0,1,1203,0,1811,1871,1840,1850,182,1,22,5,1,0
1411,0,1,1204,0,1821,1881,1850,1870,391,1,22,5,1,0
1412,0,1,1205,0,1851,1911,1880,1890,397,1,4,5,1,0
1413,0,1,1206,0,1821,1881,1850,1860,181,7,4,5,1,0
1414,0,1,1207,0,1708,1768,1737,1740,54,7,4,7,1,0
1415,0,1,1208,0,1711,1771,1740,1770,54,7,4,7,1,0
1416,0,0,1209,0,1878,1938,1907,1910,368,1,4,7,1,0
1417,0,1,1210,0,1758,1818,1787,1790,29,6,7,5,1,0
1418,0,1,1211,0,1758,1818,1787,1790,29,6,7,5,1,0
1419,0,0,1212,0,1758,1818,1787,1790,99,1,4,5,1,0
1420,0,1,1213,0,1801,1861,1830,1835,181,1,22,5,1,0
1421,0,1,1214,0,1801,1861,1830,1835,181,1,22,5,1,0
1422,0,0,1215,0,1801,1861,1830,1900,386,1,22,5,1,0
1423,0,1,1216,0,1791,1851,1820,1860,460,1,22,7,1,0
1424,0,0,1217,0,1771,1831,1800,1900,381,1,2,1,1,0
1425,0,1,1218,0,1816,1876,1845,1860,381,1,22,1,1,0
1426,0,1,1221,0,1721,1781,1750,1760,54,7,4,7,1,0
1427,0,1,1227,0,1838,1898,1867,1867,151,1,22,11,0,1
1428,0,1,1228,0,1860,1920,1889,1889,496,1,22,11,0,1
1429,0,1,1235,0,1771,1831,1800,1830,315,1,4,1,1,0
1430,0,1,1236,0,1771,1831,1800,1830,315,1,4,1,1,0
1431,0,1,1241,0,1801,1861,1830,1855,29,1,22,5,1,0
1432,0,1,1242,0,1801,1861,1830,1855,29,1,22,5,1,0
1433,0,1,1243,0,1811,1871,1840,1860,531,1,22,5,1,0
1434,0,1,1244,0,1811,1871,1840,1860,531,1,22,5,1,0
1435,0,1,1245,0,1688,1748,1717,1720,54,7,22,7,1,0
1436,0,1,1246,0,1688,1748,1717,1720,54,7,22,7,1,0
1437,0,1,1247,0,1671,1731,1700,1800,54,1,22,7,1,0
1438,0,1,1248,0,1671,1731,1700,1800,54,1,22,7,1,0
1439,0,1,1249,0,1771,1831,1800,1830,108,1,4,1,1,0
1440,0,1,1250,0,1771,1831,1800,1830,108,1,4,1,1,0
1441,0,0,1251,0,1771,1831,1800,1900,54,1,9,7,1,0
1442,0,0,1252,0,1771,1831,1800,1900,54,1,9,7,1,0
1443,0,0,1253,0,1741,1801,1770,1800,54,1,4,7,1,0
1444,0,0,1254,0,1741,1801,1770,1800,54,1,4,7,1,0
1445,0,1,1255,0,1811,1871,1840,1860,389,7,22,5,1,0
1446,0,1,1256,0,1811,1871,1840,1860,389,7,22,5,1,0
1447,0,1,1257,0,1851,1911,1880,1890,397,1,4,5,1,0
1448,0,1,1258,0,1851,1911,1880,1890,397,1,4,5,1,0
1449,0,1,1259,0,1851,1911,1880,1890,397,1,4,5,1,0
1450,0,1,1260,0,1851,1911,1880,1890,397,1,4,5,1,0
1451,0,0,1261,0,1681,1741,1710,1720,54,1,4,7,1,0
1452,0,0,1262,0,1681,1741,1710,1720,54,1,4,7,1,0
1453,0,1,1263,0,1728,1788,1757,1760,54,1,4,7,1,0
1454,0,1,1264,0,1728,1788,1757,1760,54,1,4,7,1,0
1455,0,0,1265,0,1718,1778,1747,1750,54,1,4,7,1,0
1456,0,0,1266,0,1718,1778,1747,1750,54,1,4,7,1,0
1457,0,1,1267,0,1696,1756,1725,1740,54,1,4,7,1,0
1458,0,1,1268,0,1696,1756,1725,1740,54,1,4,7,1,0
1459,0,1,1269,0,1718,1778,1747,1750,54,6,23,7,1,0
1460,0,1,1270,0,1721,1781,1750,1760,54,7,4,7,1,0
1461,0,1,1271,0,1721,1781,1750,1760,54,7,4,7,1,0
1462,0,1,1272,0,1721,1781,1750,1770,54,7,4,7,1,0
1463,0,1,1273,0,1721,1781,1750,1760,54,7,4,7,1,0
1464,0,1,1274,0,1721,1781,1750,1760,54,7,4,7,1,0
1465,0,0,1275,0,1728,1788,1757,1760,54,7,4,7,1,0
1466,0,0,1276,0,1728,1788,1757,1760,54,7,4,7,1,0
1467,0,0,1277,0,1788,1848,1817,1820,368,7,4,7,1,0
1468,0,0,1278,0,1788,1848,1817,1820,368,7,4,7,1,0
1469,0,1,1279,0,1758,1818,1787,1790,436,7,4,7,1,0
1470,0,1,1280,0,1758,1818,1787,1790,446,7,4,7,1,0
1471,0,1,1281,0,1811,1871,1840,1850,389,1,22,5,1,0
1472,0,1,1282,0,1811,1871,1840,1850,389,1,22,5,1,0
1473,0,0,1283,0,1888,1948,1917,1920,394,1,3,5,1,0
1474,0,0,1284,0,1888,1948,1917,1920,395,1,3,5,1,0
1475,0,1,1285,0,1816,1876,1845,1870,393,1,22,5,1,0
1476,0,1,1286,0,1816,1876,1845,1870,393,1,22,5,1,0
1477,0,1,1287,0,1811,1871,1840,1870,392,1,22,5,1,0
1478,0,1,1288,0,1811,1871,1840,1870,392,1,22,5,1,0
1479,0,1,1289,0,1791,1851,1820,1860,460,1,22,7,1,0
1480,0,1,1290,0,1791,1851,1820,1860,460,1,22,7,1,0
1481,0,1,1291,0,1778,1838,1807,1810,446,1,4,7,1,0
1482,0,1,1292,0,1778,1838,1807,1810,446,1,4,7,1,0
1483,0,1,1293,0,1641,1701,1670,1700,54,1,4,7,1,0
1484,0,1,1294,0,1641,1701,1670,1700,54,1,4,7,1,0
1485,0,1,1295,0,1671,1731,1700,1800,94,1,4,8,1,0
1486,0,0,1296,0,1671,1731,1700,1800,94,1,4,8,1,0
1487,0,1,1297,0,1671,1731,1700,1800,93,1,4,8,1,0
1488,0,1,1298,0,1671,1731,1700,1800,93,1,4,8,1,0
1489,0,0,1299,0,1771,1831,1800,1900,381,1,2,1,1,0
1490,0,0,1300,0,1771,1831,1800,1900,381,1,2,1,1,0
1491,0,1,1313,0,1731,1791,1760,1770,342,7,4,5,1,0
1492,0,1,1314,0,1731,1791,1760,1770,342,7,4,5,1,0
1493,0,0,1333,0,1771,1831,1800,1900,440,5,22,12,1,0
1494,0,0,1334,0,1771,1831,1800,1900,440,5,22,12,1,0
1495,0,0,1341,0,1846,1906,1875,1900,388,1,22,5,1,0
1496,0,0,1342,0,1846,1906,1875,1900,388,1,22,5,1,0
1497,0,0,1343,0,1846,1906,1875,1900,388,1,22,5,1,0
1498,0,0,1344,0,1846,1906,1875,1900,388,1,22,5,1,0
1499,0,0,1345,0,1758,1818,1787,1790,436,1,4,7,1,0
1500,0,0,1346,0,1758,1818,1787,1790,436,1,4,7,1,0
1501,0,0,1347,0,1758,1818,1787,1790,436,1,4,7,1,0
1502,0,0,1348,0,1758,1818,1787,1790,436,1,4,7,1,0
1503,0,0,1349,0,1758,1818,1787,1790,436,1,4,7,1,0
1504,0,1,1350,0,1743,1803,1772,1778,209,1,4,5,1,0
1505,0,1,1351,0,1743,1803,1772,1778,33,1,4,5,1,0
1506,0,0,1352,0,1743,1803,1772,1778,33,1,4,5,1,0
1507,0,0,1353,0,1743,1803,1772,1778,33,1,4,5,1,0
1508,0,1,1362,0,1801,1861,1830,1870,406,1,22,1,1,0
1509,0,1,1363,0,1801,1861,1830,1870,406,1,22,1,1,0
1510,0,1,1364,0,1791,1851,1820,1870,406,1,22,1,1,0
1511,0,1,1365,0,1771,1831,1800,1830,446,1,4,7,1,0
1512,0,1,1366,0,1771,1831,1800,1830,446,1,4,7,1,0
1513,0,1,1367,0,1771,1831,1800,1830,446,1,4,7,1,0
1514,0,1,1368,0,1771,1831,1800,1830,446,1,4,7,1,0
1515,0,1,1369,0,1671,1731,1700,1730,169,1,22,7,1,0
1516,0,1,1370,0,1758,1818,1787,1790,438,1,4,7,1,0
1517,0,1,1371,0,1758,1818,1787,1790,438,1,4,7,1,0
1518,0,1,1372,0,1771,1831,1800,1830,226,1,4,5,1,0
1519,0,1,1373,0,1771,1831,1800,1830,226,7,4,5,1,0
1520,0,1,1374,0,1761,1821,1790,1800,437,1,4,7,1,0
1521,0,1,1375,0,1761,1821,1790,1800,437,1,4,7,1,0
1522,0,1,1376,0,1671,1731,1700,1750,54,1,4,7,1,0
1523,0,1,1377,0,1671,1731,1700,1750,54,1,4,7,1,0
1524,0,1,1378,0,1761,1821,1790,1820,54,1,4,7,1,0
1525,0,1,1379,0,1761,1821,1790,1820,54,1,4,7,1,0
1526,0,1,1382,0,1601,1661,1630,1670,54,1,4,7,1,0
1527,0,1,1383,0,1601,1661,1630,1670,54,1,4,7,1,0
1528,0,1,1384,0,1601,1661,1630,1670,54,6,5,7,1,0
1529,0,1,1385,0,1601,1661,1630,1670,54,6,5,7,1,0
1530,0,1,1386,0,1711,1771,1740,1770,54,7,4,7,1,0
1531,0,1,1387,0,1711,1771,1740,1770,54,7,4,7,1,0
1532,0,1,1388,0,1711,1771,1740,1770,54,7,4,7,1,0
1533,0,1,1389,0,1711,1771,1740,1770,54,7,4,7,1,0
1534,0,1,1390,0,1803,1863,1832,1835,54,1,22,7,1,0
1535,0,1,1391,0,1718,1778,1747,1750,54,6,23,7,1,0
1536,0,1,1392,0,1721,1781,1750,1770,54,7,4,7,1,0
1537,0,1,1393,0,1701,1761,1730,1770,54,6,10,7,1,0
1538,0,1,1394,0,1701,1761,1730,1770,54,6,10,7,1,0
1539,0,1,1395,0,1803,1863,1832,1835,54,1,22,7,1,0
1540,0,1,1397,0,1741,1801,1770,1800,175,1,22,8,1,0
1541,0,1,1401,0,1791,1851,1820,1825,54,6,22,7,1,0
1542,0,1,1402,0,1791,1851,1820,1825,54,6,22,7,1,0
1543,0,0,1412,0,1864,1924,1893,1894,144,1,22,0,1,0
1544,0,1,1413,0,1821,1881,1850,1870,39,1,22,5,1,0
1545,0,1,1414,0,1780,1840,1809,1809,358,1,22,2,1,0
1546,0,1,1415,0,1771,1831,1800,1830,358,1,22,2,1,0
1547,0,1,1416,0,1771,1831,1800,1810,207,1,22,4,1,0
1548,0,1,1417,0,1761,1821,1790,1805,251,1,22,4,1,0
1549,0,1,1418,0,1736,1796,1765,1790,237,1,22,4,1,0
1550,0,1,1420,0,1761,1821,1790,1805,250,5,22,4,1,0
1551,0,1,1422,0,1768,1828,1797,1800,268,1,22,4,1,0
1552,0,1,1423,0,1761,1821,1790,1795,271,1,22,4,1,0
1553,0,1,1424,0,1781,1841,1810,1815,189,1,22,4,1,0
1554,0,1,1425,0,1731,1791,1760,1790,238,1,22,4,1,0
1555,0,1,1427,0,1731,1791,1760,1790,232,1,22,4,1,0
1556,0,1,1428,0,1731,1791,1760,1790,284,1,22,4,1,0
1557,0,1,1431,0,1768,1828,1797,1800,291,1,22,4,1,0
1558,0,1,1432,0,1768,1828,1797,1800,267,1,22,4,1,0
1559,0,1,1433,0,1711,1771,1740,1760,254,1,22,4,1,0
1560,0,1,1434,0,1731,1791,1760,1790,239,1,22,4,1,0
1561,0,1,1435,0,1836,1896,1865,1875,472,1,22,4,1,0
1562,0,1,1443,0,1786,1846,1815,1820,214,1,22,4,1,0
1563,0,1,1445,0,1781,1841,1810,1820,234,1,22,4,1,0
1564,0,1,1448,0,1771,1831,1800,1810,269,1,22,4,1,0
1565,0,1,1449,0,1771,1831,1800,1810,264,1,22,4,1,0
1566,0,0,1455,0,1571,1631,1600,1700,374,7,22,0,1,0
1567,0,0,1456,0,1571,1631,1600,1700,374,7,22,0,1,0
1568,0,1,1457,0,1571,1631,1600,1700,374,7,22,0,1,0
1569,0,1,1458,0,1571,1631,1600,1700,374,7,22,0,1,0
1570,0,0,1459,0,1571,1631,1600,1700,374,1,22,0,1,0
1571,0,0,1460,0,1821,1881,1850,1900,368,1,22,7,1,0
1572,0,1,1461,0,1741,1801,1770,1773,440,7,22,12,1,0
1573,0,1,1462,0,1741,1801,1770,1800,440,1,22,12,1,0
1574,0,1,1477,0,1771,1831,1800,1830,108,1,4,1,1,0
1575,0,1,1478,0,1771,1831,1800,1830,108,1,4,1,1,0
1576,0,1,1482,0,1771,1831,1800,1860,39,1,22,5,1,0
1577,0,1,1483,0,1741,1801,1770,1800,169,6,22,7,1,0
1578,0,1,1490,0,1791,1851,1820,1840,36,1,22,5,1,0
1579,0,0,1491,0,1791,1851,1820,1840,36,1,22,5,1,0
1580,0,0,1492,0,1801,1861,1830,1870,389,1,22,5,1,0
1581,0,1,1493,0,1811,1871,1840,1850,389,7,22,5,1,0
1582,0,1,1494,0,1821,1881,1850,1870,390,1,22,5,1,0
1583,0,1,1495,0,1851,1911,1880,1890,397,1,4,5,1,0
1584,0,1,1496,0,1818,1878,1847,1850,41,1,22,5,1,0
1585,0,1,1497,0,1818,1878,1847,1850,97,1,22,5,1,0
1586,0,1,1499,0,1841,1901,1870,1890,398,1,22,5,1,0
1587,0,1,1514,0,1821,1881,1850,1870,390,7,22,5,1,0
1588,0,1,1515,0,1821,1881,1850,1870,390,7,22,5,1,0
1589,0,1,1520,0,1790,1850,1819,1819,513,1,22,4,1,0
1590,0,1,1521,0,1792,1852,1821,1821,513,1,22,4,1,0
1591,0,1,1522,0,1781,1841,1810,1820,289,1,22,4,1,0
1592,0,1,1526,0,1821,1881,1850,1860,422,1,22,4,1,0
1593,0,1,1527,0,1801,1861,1830,1840,189,1,22,4,1,0
1594,0,0,1538,0,1801,1861,1830,1900,163,1,22,6,1,0
1595,0,1,1539,0,1731,1791,1760,1790,189,1,22,4,1,0
1596,0,1,1540,0,1646,1706,1675,1700,305,1,22,4,1,0
1597,0,1,1541,0,1646,1706,1675,1700,295,7,22,4,1,0
1598,0,1,1542,0,1661,1721,1690,1710,8,1,4,4,1,0
1599,0,1,1543,0,1641,1701,1670,1710,3,6,25,4,1,0
1600,0,1,1544,0,1661,1721,1690,1710,8,1,4,4,1,0
1601,0,1,1545,0,1661,1721,1690,1710,8,1,4,4,1,0
1602,0,1,1546,0,1701,1761,1730,1760,479,7,22,4,1,0
1603,0,1,1547,0,1671,1731,1700,1730,297,1,22,4,1,0
1604,0,1,1552,0,1641,1701,1670,1700,297,7,22,4,1,0
1605,0,1,1557,0,1701,1761,1730,1750,480,7,22,4,1,0
1606,0,1,1563,0,1721,1781,1750,1770,189,1,4,4,1,0
1607,0,1,1564,0,1756,1816,1785,1795,189,1,22,4,1,0
1608,0,1,1567,0,1661,1721,1690,1710,8,1,4,4,1,0
1609,0,1,1568,0,1651,1711,1680,1720,451,7,22,4,1,0
1610,0,1,1569,0,1681,1741,1710,1720,295,1,22,4,1,0
1611,0,1,1570,0,1701,1761,1730,1750,479,7,22,4,1,0
1612,0,1,1571,0,1781,1841,1810,1830,506,6,25,4,1,0
1613,0,1,1572,0,1771,1831,1800,1830,297,1,22,4,1,0
1614,0,1,1573,0,1731,1791,1760,1790,195,1,22,4,1,0
1615,0,1,1574,0,1726,1786,1755,1765,483,1,22,4,1,0
1616,0,1,1579,0,1721,1781,1750,1775,293,1,22,4,1,0
1617,0,1,1580,0,1711,1771,1740,1760,487,1,22,4,1,0
1618,0,1,1581,0,1711,1771,1740,1760,483,1,22,4,1,0
1619,0,1,1582,0,1711,1771,1740,1790,480,7,22,4,1,0
1620,0,1,1583,0,1711,1771,1740,1760,483,1,22,4,1,0
1621,0,1,1584,0,1726,1786,1755,1765,488,1,22,4,1,0
1622,0,1,1585,0,1701,1761,1730,1790,487,1,22,4,1,0
1623,0,1,1586,0,1711,1771,1740,1760,488,1,22,4,1,0
1624,0,1,1587,0,1741,1801,1770,1800,189,1,22,4,1,0
1625,0,1,1588,0,1666,1726,1695,1715,305,1,22,4,1,0
1626,0,1,1589,0,1668,1728,1697,1700,305,1,22,4,1,0
1627,0,1,1590,0,1736,1796,1765,1790,286,1,22,4,1,0
1628,0,1,1591,0,1731,1791,1760,1790,281,1,22,4,1,0
1629,0,1,1592,0,1731,1791,1760,1790,256,1,22,4,1,0
1630,0,1,1593,0,1731,1791,1760,1790,189,1,22,4,1,0
1631,0,1,1594,0,1711,1771,1740,1780,474,1,22,4,1,0
1632,0,1,1595,0,1793,1853,1822,1825,310,1,22,4,1,0
1633,0,1,1597,0,1788,1848,1817,1820,205,1,22,4,1,0
1634,0,0,1598,0,1788,1848,1817,1820,205,1,22,4,1,0
1635,0,1,1600,0,1773,1833,1802,1805,189,1,22,4,1,0
1636,0,1,1601,0,1773,1833,1802,1805,189,1,22,4,1,0
1637,0,1,1604,0,1758,1818,1787,1790,189,7,22,4,1,0
1638,0,1,1605,0,1758,1818,1787,1790,534,7,22,4,1,0
1639,0,1,1606,0,1731,1791,1760,1790,189,1,22,4,1,0
1640,0,1,1607,0,1701,1761,1730,1750,297,6,25,4,1,0
1641,0,1,1608,0,1731,1791,1760,1790,241,1,22,4,1,0
1642,0,1,1609,0,1661,1721,1690,1710,8,1,4,4,1,0
1643,0,1,1610,0,1736,1796,1765,1790,218,1,22,4,1,0
1644,0,1,1611,0,1726,1786,1755,1790,254,1,22,4,1,0
1645,0,1,1612,0,1681,1741,1710,1710,295,1,22,4,1,0
1646,0,1,1613,0,1766,1826,1795,1805,196,1,22,4,1,0
1647,0,1,1616,0,1748,1808,1777,1780,249,1,22,4,1,0
1648,0,1,1618,0,1736,1796,1765,1775,293,1,22,4,1,0
1649,0,1,1619,0,1651,1711,1680,1700,305,7,22,4,1,0
1650,0,1,1620,0,1631,1691,1660,1690,305,7,22,4,1,0
1651,0,1,1621,0,1671,1731,1700,1720,410,1,22,4,1,0
1652,0,1,1622,0,1761,1821,1790,1800,243,1,22,4,1,0
1653,0,1,1623,0,1761,1821,1790,1800,204,1,22,4,1,0
1654,0,1,1624,0,1821,1881,1850,1860,420,1,22,4,1,0
1655,0,1,1625,0,1711,1771,1740,1750,246,5,22,4,1,0
1656,0,1,1626,0,1731,1791,1760,1790,285,1,22,4,1,0
1657,0,1,1627,0,1693,1753,1722,1790,189,1,22,4,1,0
1658,0,1,1628,0,1711,1771,1740,1760,488,1,22,4,1,0
1659,0,1,1630,0,1786,1846,1815,1830,7,7,22,4,1,0
1660,0,1,1631,0,1811,1871,1840,1850,419,1,22,4,1,0
1661,0,1,1633,0,1736,1796,1765,1790,289,1,22,4,1,0
1662,0,1,1634,0,1823,1883,1852,1855,420,1,22,4,1,0
1663,0,0,1635,0,1848,1908,1877,1880,114,1,22,4,1,0
1664,0,0,1636,0,1821,1881,1850,1900,77,1,22,4,1,0
1665,0,0,1637,0,1821,1881,1850,1900,77,1,22,4,1,0
1666,0,1,1638,0,1766,1826,1795,1800,189,1,22,4,1,0
1667,0,1,1640,0,1731,1791,1760,1790,241,1,22,4,1,0
1668,0,1,1641,0,1731,1791,1760,1790,254,7,22,4,1,0
1669,0,1,1642,0,1771,1831,1800,1810,298,6,25,4,1,0
1670,0,1,1643,0,1731,1791,1760,1790,241,7,22,4,1,0
1671,0,1,1644,0,1761,1821,1790,1800,241,1,22,4,1,0
1672,0,0,1646,0,1868,1928,1897,1915,90,1,22,7,1,0
1673,0,0,1647,0,1871,1931,1900,2000,171,1,22,4,1,0
1674,0,1,1648,0,1828,1888,1857,1860,322,1,22,4,1,0
1675,0,1,1649,0,1761,1821,1790,1800,219,5,22,4,1,0
1676,0,1,1650,0,1701,1761,1730,1750,480,1,22,4,1,0
1677,0,0,1651,0,1758,1818,1787,1793,242,1,22,4,1,0
1678,0,1,1652,0,1786,1846,1815,1835,259,7,22,4,1,0
1679,0,1,1653,0,1831,1891,1860,1870,506,1,22,4,1,0
1680,0,1,1654,0,1741,1801,1770,1800,405,1,22,4,1,0
1681,0,1,1655,0,1736,1796,1765,1790,277,1,22,4,1,0
1682,0,1,1656,0,1738,1798,1767,1770,189,1,22,4,1,0
1683,0,1,1657,0,1811,1871,1840,1850,474,1,22,4,1,0
1684,0,1,1658,0,1793,1853,1822,1825,221,1,22,4,1,0
1685,0,1,1659,0,1731,1791,1760,1780,241,1,22,4,1,0
1686,0,1,1660,0,1761,1821,1790,1810,244,1,22,4,1,0
1687,0,1,1661,0,1761,1821,1790,1810,241,1,22,4,1,0
1688,0,1,1668,0,1853,1913,1882,1882,168,1,22,2,1,0
1689,0,0,1669,0,1866,1926,1895,1895,506,1,22,4,1,0
1690,0,1,1675,0,1771,1831,1800,1810,402,1,22,4,1,0
1691,0,1,1676,0,1773,1833,1802,1810,400,1,22,4,1,0
1692,0,1,1681,0,1781,1841,1810,1820,212,1,22,4,1,0
1693,0,1,1701,0,1853,1913,1882,1885,295,1,22,4,1,0
1694,0,1,1702,0,1853,1913,1882,1885,295,1,22,4,1,0
1695,0,1,1707,0,1711,1771,1740,1760,488,1,22,4,1,0
1696,0,1,1708,0,1711,1771,1740,1760,488,1,22,4,1,0
1697,0,1,1709,0,1721,1781,1750,1775,293,1,22,4,1,0
1698,0,1,1710,0,1731,1791,1760,1790,286,1,22,4,1,0
1699,0,1,1711,0,1731,1791,1760,1790,287,1,22,4,1,0
1700,0,1,1712,0,1768,1828,1797,1800,6,1,22,4,1,0
1701,0,1,1713,0,1768,1828,1797,1800,6,1,22,4,1,0
1702,0,1,1714,0,1671,1731,1700,1740,11,5,0,4,1,0
1703,0,1,1715,0,1671,1731,1700,1725,79,5,0,4,1,0
1704,0,1,1716,0,1736,1796,1765,1790,254,1,22,4,1,0
1705,0,1,1717,0,1736,1796,1765,1790,254,1,22,4,1,0
1706,0,1,1718,0,1731,1791,1760,1790,217,1,22,4,1,0
1707,0,1,1719,0,1721,1781,1750,1790,217,1,22,4,1,0
1708,0,1,1720,0,1741,1801,1770,1790,189,1,22,4,1,0
1709,0,1,1721,0,1741,1801,1770,1790,261,1,22,4,1,0
1710,0,1,1722,0,1756,1816,1785,1795,294,1,22,4,1,0
1711,0,1,1723,0,1756,1816,1785,1795,294,1,22,4,1,0
1712,0,1,1724,0,1701,1761,1730,1790,477,1,22,4,1,0
1713,0,1,1725,0,1701,1761,1730,1760,474,7,22,4,1,0
1714,0,1,1727,0,1766,1826,1795,1800,345,1,22,4,1,0
1715,0,1,1728,0,1766,1826,1795,1800,297,1,22,4,1,0
1716,0,1,1729,0,1766,1826,1795,1800,346,1,22,4,1,0
1717,0,1,1730,0,1766,1826,1795,1800,346,1,22,4,1,0
1718,0,1,1731,0,1686,1746,1715,1735,295,6,25,4,1,0
1719,0,1,1732,0,1686,1746,1715,1735,379,6,25,4,1,0
1720,0,1,1733,0,1766,1826,1795,1805,203,1,22,4,1,0
1721,0,1,1734,0,1766,1826,1795,1805,202,1,22,4,1,0
1722,0,1,1735,0,1821,1881,1850,1860,419,1,22,4,1,0
1723,0,1,1736,0,1821,1881,1850,1860,419,1,22,4,1,0
1724,0,1,1737,0,1736,1796,1765,1775,273,1,22,4,1,0
1725,0,1,1738,0,1726,1786,1755,1790,273,1,22,4,1,0
1726,0,1,1739,0,1726,1786,1755,1790,296,1,22,4,1,0
1727,0,1,1740,0,1726,1786,1755,1790,296,1,22,4,1,0
1728,0,1,1741,0,1801,1861,1830,1850,300,6,25,4,1,0
1729,0,0,1742,0,1801,1861,1830,1850,300,6,25,4,1,0
1730,0,1,1743,0,1833,1893,1862,1865,474,1,22,4,1,0
1731,0,1,1744,0,1833,1893,1862,1865,474,1,22,4,1,0
1732,0,1,1747,0,1806,1866,1835,1850,322,1,22,4,1,0
1733,0,1,1748,0,1806,1866,1835,1850,322,1,22,4,1,0
1734,0,1,1749,0,1796,1856,1825,1830,506,1,22,4,1,0
1735,0,1,1750,0,1796,1856,1825,1830,506,1,22,4,1,0
1736,0,1,1751,0,1766,1826,1795,1805,241,1,22,4,1,0
1737,0,1,1752,0,1766,1826,1795,1805,241,1,22,4,1,0
1738,0,1,1753,0,1793,1853,1822,1825,295,1,22,4,1,0
1739,0,0,1754,0,1793,1853,1822,1825,295,1,22,4,1,0
1740,0,1,1759,0,1783,1843,1812,1815,252,1,22,4,1,0
1741,0,1,1760,0,1783,1843,1812,1815,252,1,22,4,1,0
1742,0,1,1761,0,1821,1881,1850,1860,506,1,22,4,1,0
1743,0,1,1762,0,1821,1881,1850,1860,506,1,22,4,1,0
1744,0,1,1795,0,1848,1908,1877,1880,189,1,22,4,1,0
1745,0,1,1796,0,1848,1908,1877,1880,189,1,22,4,1,0
1746,0,1,1797,0,1848,1908,1877,1880,189,1,22,4,1,0
1747,0,1,1798,0,1848,1908,1877,1880,189,1,22,4,1,0
1748,0,1,1799,0,1848,1908,1877,1880,189,1,22,4,1,0
1749,0,1,1800,0,1848,1908,1877,1880,189,1,22,4,1,0
1750,0,1,1801,0,1848,1908,1877,1880,189,1,22,4,1,0
1751,0,1,1802,0,1848,1908,1877,1880,189,1,22,4,1,0
1752,0,1,1803,0,1776,1836,1805,1815,189,1,22,4,1,0
1753,0,1,1804,0,1776,1836,1805,1815,189,1,22,4,1,0
1754,0,1,1805,0,1776,1836,1805,1815,189,1,22,4,1,0
1755,0,1,1806,0,1776,1836,1805,1815,189,1,22,4,1,0
1756,0,1,1807,0,1776,1836,1805,1815,213,1,22,4,1,0
1757,0,1,1808,0,1741,1801,1770,1790,261,1,22,4,1,0
1758,0,0,1809,0,1741,1801,1770,1790,261,1,22,4,1,0
1759,0,0,1810,0,1741,1801,1770,1790,261,1,22,4,1,0
1760,0,1,1811,0,1741,1801,1770,1790,261,1,22,4,1,0
1761,0,0,1812,0,1741,1801,1770,1790,261,1,22,4,1,0
1762,0,1,1826,0,1711,1771,1740,1770,344,7,22,4,1,0
1763,0,1,1827,0,1703,1763,1732,1760,295,7,22,4,1,0
1764,0,1,1828,0,1703,1763,1732,1760,295,7,22,4,1,0
1765,0,1,1829,0,1703,1763,1732,1760,295,7,22,4,1,0
1766,0,1,1842,0,1731,1791,1760,1790,254,7,22,4,1,0
1767,0,1,1843,0,1731,1791,1760,1790,254,7,22,4,1,0
1768,0,1,1844,0,1731,1791,1760,1790,254,7,22,4,1,0
1769,0,1,1845,0,1731,1791,1760,1790,254,7,22,4,1,0
1770,0,1,1846,0,1731,1791,1760,1790,254,7,22,4,1,0
1771,0,1,1847,0,1731,1791,1760,1790,254,7,22,4,1,0
1772,0,1,1854,0,1731,1791,1760,1790,486,7,22,4,1,0
1773,0,1,1855,0,1731,1791,1760,1790,486,7,22,4,1,0
1774,0,1,1856,0,1731,1791,1760,1790,486,7,22,4,1,0
1775,0,1,1857,0,1731,1791,1760,1790,486,7,22,4,1,0
1776,0,1,1858,0,1731,1791,1760,1790,486,7,22,4,1,0
1777,0,1,1859,0,1731,1791,1760,1790,486,7,22,4,1,0
1778,0,1,1860,0,1766,1826,1795,1810,198,1,22,4,1,0
1779,0,1,1861,0,1766,1826,1795,1810,198,1,22,4,1,0
1780,0,1,1862,0,1766,1826,1795,1810,198,1,22,4,1,0
1781,0,1,1863,0,1766,1826,1795,1810,198,1,22,4,1,0
1782,0,1,1864,0,1766,1826,1795,1810,189,1,22,4,1,0
1783,0,1,1865,0,1766,1826,1795,1810,189,1,22,4,1,0
1784,0,1,1866,0,1811,1871,1840,1860,295,6,25,4,1,0
1785,0,0,1867,0,1811,1871,1840,1860,295,6,25,4,1,0
1786,0,0,1868,0,1811,1871,1840,1860,295,6,25,4,1,0
1787,0,0,1869,0,1811,1871,1840,1860,295,6,25,4,1,0
1788,0,0,1870,0,1811,1871,1840,1860,295,6,25,4,1,0
1789,0,0,1871,0,1811,1871,1840,1860,295,6,25,4,1,0
1790,0,1,1904,0,1781,1841,1810,1820,193,1,22,4,1,0
1791,0,0,1905,0,1781,1841,1810,1820,200,1,22,4,1,0
1792,0,0,1906,0,1781,1841,1810,1820,193,1,22,4,1,0
1793,0,0,1907,0,1781,1841,1810,1820,193,1,22,4,1,0
1794,0,0,1908,0,1781,1841,1810,1820,193,1,22,4,1,0
1795,0,0,1909,0,1781,1841,1810,1820,200,1,22,4,1,0
1796,0,0,1910,0,1781,1841,1810,1820,193,1,22,4,1,0
1797,0,0,1911,0,1781,1841,1810,1820,193,1,22,4,1,0
1798,0,1,1912,0,1781,1841,1810,1820,193,1,22,4,1,0
1799,0,0,1913,0,1781,1841,1810,1820,200,1,22,4,1,0
1800,0,0,1914,0,1781,1841,1810,1820,200,1,22,4,1,0
1801,0,0,1915,0,1781,1841,1810,1820,200,1,22,4,1,0
1802,0,0,1916,0,1781,1841,1810,1820,193,1,22,4,1,0
1803,0,1,1918,0,1766,1826,1795,1805,257,1,22,4,1,0
1804,0,1,1920,0,1849,1909,1878,1884,16,1,22,4,1,0
1805,0,1,1921,0,1849,1909,1878,1884,16,1,22,4,1,0
1806,0,1,1922,0,1621,1681,1650,1700,416,3,25,4,1,0
1807,0,1,1929,0,1621,1681,1650,1700,330,5,22,4,1,0
1808,0,1,1930,0,1641,1701,1670,1700,84,1,22,4,1,0
1809,0,0,1931,0,1841,1901,1870,1900,29,5,4,5,1,0
1810,0,0,1932,0,1841,1901,1870,1900,29,5,4,5,1,0
1811,0,0,1933,0,1841,1901,1870,1900,29,5,4,5,1,0
1812,0,0,1934,0,1841,1901,1870,1900,29,5,4,5,1,0
1813,0,0,1935,0,1841,1901,1870,1900,29,5,4,5,1,0
1814,0,0,1937,0,1801,1861,1830,1840,34,1,22,5,1,0
1815,0,0,1938,0,1801,1861,1830,1840,34,1,22,5,1,0
1816,0,1,1943,0,1801,1861,1830,1840,34,1,22,5,1,0
1817,0,0,1944,0,1801,1861,1830,1840,34,1,22,5,1,0
1818,0,0,1945,0,1801,1861,1830,1840,34,1,22,5,1,0
1819,0,1,1946,0,1801,1861,1830,1840,34,1,22,5,1,0
1820,0,0,1947,0,1801,1861,1830,1840,34,1,22,5,1,0
1821,0,0,1948,0,1801,1861,1830,1840,34,1,22,5,1,0
1822,0,1,1949,0,1641,1701,1670,1700,172,1,22,7,1,0
1823,0,1,1950,0,1741,1801,1770,1800,172,1,22,7,1,0
1824,0,1,1952,0,1696,1756,1725,1750,507,1,4,4,1,0
1825,0,1,1953,0,1758,1818,1787,1790,99,6,7,5,1,0
1826,0,1,1954,0,1781,1841,1810,1820,100,6,7,5,1,0
1827,0,1,1955,0,1671,1731,1700,1800,173,1,22,7,1,0
1828,0,1,1956,0,1768,1828,1797,1800,461,1,22,7,1,0
1829,0,0,1957,0,1841,1901,1870,1930,54,1,19,7,1,0
1830,0,1,1958,0,1718,1778,1747,1750,460,1,22,7,1,0
1831,0,0,1959,0,1798,1858,1827,1830,98,1,22,5,1,0
1832,0,1,1960,0,1781,1841,1810,1820,148,1,4,5,1,0
1833,0,1,1961,0,1741,1801,1770,1780,146,1,14,5,1,0
1834,0,1,1962,0,1671,1731,1700,1720,54,1,19,7,1,0
1835,0,0,1963,0,1871,1931,1900,2000,97,7,22,5,1,0
1836,0,1,1965,0,1761,1821,1790,1790,460,1,22,7,1,0
1837,0,1,1966,0,1821,1881,1850,1853,140,1,22,7,1,0
1838,0,1,1967,0,1766,1826,1795,1810,92,1,4,5,1,0
1839,0,0,1968,0,1801,1861,1830,1835,68,1,9,7,1,0
1840,0,1,1969,0,1816,1876,1845,1845,67,1,22,7,1,0
1841,0,1,1970,0,1813,1873,1842,1845,63,1,22,7,1,0
1842,0,0,1972,0,1872,1932,1901,1902,146,1,22,5,1,0
1843,0,0,1975,0,1871,1931,1900,1940,139,1,22,7,1,0
1844,0,1,1976,0,1736,1796,1765,1785,54,1,4,7,1,0
1845,0,1,1977,0,1736,1796,1765,1785,54,1,4,7,1,0
1846,0,1,1978,0,1781,1841,1810,1820,137,1,4,7,1,0
1847,0,1,1979,0,1781,1841,1810,1820,140,1,4,7,1,0
1848,0,0,1981,0,1744,1804,1773,1773,457,1,22,1,1,0
1849,0,1,1982,0,1648,1708,1677,1680,464,1,4,1,1,0
1850,0,1,1986,0,1768,1828,1797,1800,179,1,13,8,1,0
1851,0,1,1987,0,1621,1681,1650,1700,369,1,22,4,1,0
1852,0,1,1988,0,1656,1716,1685,1700,413,1,22,4,1,0
1853,0,1,1990,0,1646,1706,1675,1700,335,7,22,4,1,0
1854,0,1,1991,0,1621,1681,1650,1700,328,1,22,4,1,0
1855,0,1,1992,0,1621,1681,1650,1700,325,7,22,4,1,0
1856,0,1,1993,0,1646,1706,1675,1700,330,1,22,4,1,0
1857,0,1,1994,0,1611,1671,1640,1680,325,7,22,4,1,0
1858,0,1,1995,0,1621,1681,1650,1680,412,1,22,4,1,0
1859,0,1,1996,0,1806,1866,1835,1875,369,1,22,4,1,0
1860,0,1,2000,0,1646,1706,1675,1700,328,7,22,4,1,0
1861,0,1,2001,0,1668,1728,1697,1700,328,7,22,4,1,0
1862,0,1,2002,0,1646,1706,1675,1700,329,7,22,4,1,0
1863,0,1,2003,0,1646,1706,1675,1700,328,1,22,4,1,0
1864,0,1,2004,0,1766,1826,1795,1805,229,1,22,4,1,0
1865,0,1,2005,0,1641,1701,1670,1700,411,7,22,4,1,0
1866,0,1,2007,0,1806,1866,1835,1840,505,1,22,4,1,0
1867,0,1,2008,0,1706,1766,1735,1750,347,1,22,4,1,0
1868,0,1,2009,0,1751,1811,1780,1800,87,1,22,4,1,0
1869,0,1,2010,0,1706,1766,1735,1750,353,7,22,4,1,0
1870,0,1,2011,0,1661,1721,1690,1710,337,1,22,4,1,0
1871,0,1,2012,0,1671,1731,1700,1720,349,2,25,4,1,0
1872,0,1,2013,0,1751,1811,1780,1790,278,1,22,4,1,0
1873,0,1,2015,0,1781,1841,1810,1820,373,3,25,4,1,0
1874,0,1,2016,0,1721,1781,1750,1790,286,1,22,4,1,0
1875,0,1,2023,0,1853,1913,1882,1885,295,1,22,4,1,0
1876,0,1,2024,0,1721,1781,1750,1780,286,1,22,4,1,0
1877,0,1,2025,0,1767,1827,1796,1799,314,1,22,4,1,0
1878,0,1,2026,0,1731,1791,1760,1790,290,1,22,4,1,0
1879,0,1,2027,0,1731,1791,1760,1790,279,1,22,4,1,0
1880,0,1,2029,0,1676,1736,1705,1725,354,6,25,4,1,0
1881,0,1,2030,0,1641,1701,1670,1700,503,1,22,4,1,0
1882,0,1,2031,0,1676,1736,1705,1725,355,6,25,4,1,0
1883,0,1,2032,0,1676,1736,1705,1705,350,1,22,4,1,0
1884,0,1,2033,0,1621,1681,1650,1700,326,1,22,4,1,0
1885,0,1,2034,0,1661,1721,1690,1710,328,1,22,4,1,0
1886,0,1,2035,0,1671,1731,1700,1730,369,1,22,4,1,0
1887,0,1,2036,0,1621,1681,1650,1700,417,1,4,4,1,0
1888,0,1,2037,0,1691,1751,1720,1735,352,6,25,4,1,0
1889,0,1,2039,0,1641,1701,1670,1700,330,7,22,4,1,0
1890,0,1,2040,0,1641,1701,1670,1700,415,2,25,4,1,0
1891,0,1,2042,0,1621,1681,1650,1700,325,1,22,4,1,0
1892,0,1,2044,0,1783,1843,1812,1815,233,1,22,4,1,0
1893,0,0,2045,0,1721,1781,1750,1775,167,1,22,4,1,0
1894,0,1,2050,0,1696,1756,1725,1760,313,1,22,4,1,0
1895,0,1,2051,0,1701,1761,1730,1760,480,6,25,4,1,0
1896,0,1,2052,0,1671,1731,1700,1730,369,1,22,4,1,0
1897,0,1,2053,0,1671,1731,1700,1730,369,1,22,4,1,0
1898,0,1,2058,0,1696,1756,1725,1740,440,0,22,12,1,0
1899,0,1,2061,0,1751,1811,1780,1825,38,6,23,5,1,0
1900,0,1,2062,0,1751,1811,1780,1825,40,6,23,5,1,0
1901,0,1,2063,0,1751,1811,1780,1825,40,1,22,5,1,0
1902,0,1,2064,0,1751,1811,1780,1825,37,1,22,5,1,0
1903,0,0,2065,0,1693,1753,1722,1725,440,1,22,12,1,0
1904,0,1,2066,0,1671,1731,1700,1800,526,1,22,8,1,0
1905,0,0,2068,0,1671,1731,1700,1800,169,1,22,7,1,0
1906,0,1,2070,0,1821,1881,1850,1870,389,1,22,5,1,0
1907,0,1,2071,0,1821,1881,1850,1870,389,1,22,5,1,0
1908,0,1,2072,0,1821,1881,1850,1870,389,1,22,5,1,0
1909,0,1,2073,0,1821,1881,1850,1870,389,1,22,5,1,0
1910,0,0,2075,0,1841,1901,1870,1930,153,7,22,6,1,0
1911,0,1,2076,0,1771,1831,1800,1830,142,1,22,7,1,0
1912,0,1,2077,0,1747,1807,1776,1883,138,1,9,7,1,0
1913,0,1,2078,0,1771,1831,1800,1883,142,6,9,7,1,0
1914,0,1,2080,0,1741,1801,1770,1800,119,1,4,6,1,0
1915,0,1,2081,0,1741,1801,1770,1800,121,1,4,6,1,0
1916,0,1,2082,0,1721,1781,1750,1800,119,1,4,6,1,0
1917,0,1,2083,0,1721,1781,1750,1800,119,1,4,6,1,0
1918,0,1,2084,0,1721,1781,1750,1800,119,1,4,6,1,0
1919,0,1,2085,0,1721,1781,1750,1800,119,1,4,6,1,0
1920,0,1,2086,0,1721,1781,1750,1800,119,1,4,6,1,0
1921,0,1,2087,0,1721,1781,1750,1800,119,1,4,6,1,0
1922,0,1,2091,0,1763,1823,1792,1819,139,1,9,7,1,0
1923,0,0,2093,0,1861,1921,1890,1905,63,5,22,7,1,0
